Time,price,volume
2013-09-18 00:00:00 UTC,94.75,395.811050455
2013-09-19 00:00:00 UTC,93.4,233.5
2013-09-20 00:00:00 UTC,0.0,0.0
2013-09-21 00:00:00 UTC,94.1633333333333,141.245
2013-09-22 00:00:00 UTC,93.0,93.0
2013-09-23 00:00:00 UTC,92.5,46.25
2013-09-24 00:00:00 UTC,90.25,4.969165
2013-09-25 00:00:00 UTC,90.68,22.67
2013-09-26 00:00:00 UTC,0.0,0.0
2013-09-27 00:00:00 UTC,0.0,0.0
2013-09-28 00:00:00 UTC,91.2,0.912
2013-09-29 00:00:00 UTC,94.0833333333333,591.66499928
2013-09-30 00:00:00 UTC,94.5,154.55139903
2013-10-01 00:00:00 UTC,95.25,70.167402135
2013-10-02 00:00:00 UTC,94.2180519444444,843.373276414817
2013-10-03 00:00:00 UTC,86.5885093055556,5144.5349039173
2013-10-04 00:00:00 UTC,89.9125,195.01
2013-10-05 00:00:00 UTC,88.49602,47.7878508
2013-10-06 00:00:00 UTC,90.0541691428571,312.358547714286
2013-10-07 00:00:00 UTC,94.3258980952382,1966.26888517522
2013-10-08 00:00:00 UTC,92.3494162184874,4222.65152103933
2013-10-09 00:00:00 UTC,93.3963293333333,2676.0214055688
2013-10-10 00:00:00 UTC,94.6913395833333,774.335880165199
2013-10-11 00:00:00 UTC,92.71849,1240.28461522484
2013-10-12 00:00:00 UTC,94.2,494.915893524
2013-10-13 00:00:00 UTC,95.3725,2148.3950345
2013-10-14 00:00:00 UTC,99.086436,999.3715764907
2013-10-15 00:00:00 UTC,100.25518,353.368587635
2013-10-16 00:00:00 UTC,106.031934375,2608.83155435231
2013-10-17 00:00:00 UTC,107.11721,5196.87468434608
2013-10-18 00:00:00 UTC,109.664904888889,2573.06793246821
2013-10-19 00:00:00 UTC,116.727048,838.787720142518
2013-10-20 00:00:00 UTC,121.4,2.428
2013-10-21 00:00:00 UTC,126.887538666667,2923.2255277
2013-10-22 00:00:00 UTC,135.327315714286,2168.68803058287
2013-10-23 00:00:00 UTC,141.65672703125,9203.51719744595
2013-10-24 00:00:00 UTC,138.867891151414,7956.81628826045
2013-10-25 00:00:00 UTC,132.284337619724,7824.17361734993
2013-10-26 00:00:00 UTC,134.882102962963,3831.52215375469
2013-10-27 00:00:00 UTC,138.011571666667,1892.054878628
2013-10-28 00:00:00 UTC,140.54,82.9186
2013-10-29 00:00:00 UTC,146.816421458333,3002.54537613495
2013-10-30 00:00:00 UTC,148.931400107143,5080.41418945676
2013-10-31 00:00:00 UTC,149.0734655,4093.25002707014
2013-11-01 00:00:00 UTC,151.051553125,1307.4101161898
2013-11-02 00:00:00 UTC,151.530952380952,7872.79678903143
2013-11-03 00:00:00 UTC,151.335065972222,2208.80559220985
2013-11-04 00:00:00 UTC,161.079578080808,7289.6400705101
2013-11-05 00:00:00 UTC,177.477587379085,9953.04508537709
2013-11-06 00:00:00 UTC,198.574969352462,16027.6872965134
2013-11-07 00:00:00 UTC,222.391961573983,24455.6615569134
2013-11-08 00:00:00 UTC,251.466925156566,20023.7132835832
2013-11-09 00:00:00 UTC,272.451073734883,31850.9374994894
2013-11-10 00:00:00 UTC,231.091778232143,25231.5085155303
2013-11-11 00:00:00 UTC,258.883157367063,27688.7226844424
2013-11-12 00:00:00 UTC,264.766351534799,24925.5418038656
2013-11-13 00:00:00 UTC,285.888104708652,50929.3865389963
2013-11-14 00:00:00 UTC,311.243438529686,38796.7603401579
2013-11-15 00:00:00 UTC,316.199259904228,43704.2087723503
2013-11-16 00:00:00 UTC,325.899298883275,19319.5854254525
2013-11-17 00:00:00 UTC,346.689317224255,38409.2603559515
2013-11-18 00:00:00 UTC,427.349178810404,108366.470499854
2013-11-19 00:00:00 UTC,483.26286060987,189105.865796765
2013-11-20 00:00:00 UTC,428.058101150709,165224.6670816
2013-11-21 00:00:00 UTC,497.931514028166,135733.173057742
2013-11-22 00:00:00 UTC,551.114571177075,138404.999220024
2013-11-23 00:00:00 UTC,621.799201836371,148448.043915775
2013-11-24 00:00:00 UTC,612.236121264268,85679.8680571399
2013-11-25 00:00:00 UTC,606.373495458143,167016.000116774
2013-11-26 00:00:00 UTC,629.977455729971,172735.787119456
2013-11-27 00:00:00 UTC,703.118948949073,372156.025235402
2013-11-28 00:00:00 UTC,755.693280308773,350764.819456999
2013-11-29 00:00:00 UTC,824.54914779462,301721.081913508
2013-11-30 00:00:00 UTC,854.839223632537,169100.544795676
2013-12-01 00:00:00 UTC,767.891104782692,521534.456688558
2013-12-02 00:00:00 UTC,751.611901589393,256339.695065963
2013-12-03 00:00:00 UTC,782.082639296779,230215.915341453
2013-12-04 00:00:00 UTC,807.466399272255,205438.53358765
2013-12-05 00:00:00 UTC,790.110158373284,625822.934047767
2013-12-06 00:00:00 UTC,732.93159891344,570935.536928955
2013-12-07 00:00:00 UTC,566.120267700078,666657.964176786
2013-12-08 00:00:00 UTC,549.08357308736,197176.874495259
2013-12-09 00:00:00 UTC,648.168918403867,323164.612951629
2013-12-10 00:00:00 UTC,688.602501622162,341312.791742183
2013-12-11 00:00:00 UTC,670.481075955179,372517.3090221
2013-12-12 00:00:00 UTC,640.749386436106,93137.5644346765
2013-12-13 00:00:00 UTC,645.198417909195,222891.444868686
2013-12-14 00:00:00 UTC,633.714663478391,80531.9130006699
2013-12-15 00:00:00 UTC,623.206501127686,143745.344829649
2013-12-16 00:00:00 UTC,589.761425937682,597971.521674996
2013-12-17 00:00:00 UTC,510.487847089069,337093.73987609
2013-12-18 00:00:00 UTC,415.096742206742,974339.652157542
2013-12-19 00:00:00 UTC,453.336914196426,563546.695963709
2013-12-20 00:00:00 UTC,499.798824224646,426728.01017694
2013-12-21 00:00:00 UTC,460.62777416035,182572.423177418
2013-12-22 00:00:00 UTC,463.280486584157,225124.50837527
2013-12-23 00:00:00 UTC,471.524443127447,136087.697202635
2013-12-24 00:00:00 UTC,481.988942718559,143827.006982606
2013-12-25 00:00:00 UTC,486.566390153697,79608.421144901
2013-12-26 00:00:00 UTC,523.267459146206,528979.18950264
2013-12-27 00:00:00 UTC,536.740916543499,247017.310767344
2013-12-28 00:00:00 UTC,533.189413819491,116411.353451694
2013-12-29 00:00:00 UTC,529.883523743756,69689.2575093746
2013-12-30 00:00:00 UTC,538.630939596582,94225.8550715493
2013-12-31 00:00:00 UTC,538.886456991109,89271.7428948017
2014-01-01 00:00:00 UTC,543.725084177281,115695.982993135
2014-01-02 00:00:00 UTC,549.817243124308,268773.042831891
2014-01-03 00:00:00 UTC,582.812573865217,368748.794771056
2014-01-04 00:00:00 UTC,596.898082716651,352971.496842825
2014-01-05 00:00:00 UTC,639.014778441871,749091.084595605
2014-01-06 00:00:00 UTC,688.279180773009,965027.238595341
2014-01-07 00:00:00 UTC,659.211948885352,709922.987202105
2014-01-08 00:00:00 UTC,613.649547965261,320677.820220455
2014-01-09 00:00:00 UTC,614.353817316425,355829.741627754
2014-01-10 00:00:00 UTC,615.36128909617,199366.036843211
2014-01-11 00:00:00 UTC,641.968830539562,361469.307162983
2014-01-12 00:00:00 UTC,636.716313434233,302774.404430886
2014-01-13 00:00:00 UTC,612.502101350835,369439.263665773
2014-01-14 00:00:00 UTC,612.004054654351,168036.71425009
2014-01-15 00:00:00 UTC,619.141490856498,215187.823808177
2014-01-16 00:00:00 UTC,619.571027818125,181380.539846098
2014-01-17 00:00:00 UTC,598.496434183788,406221.183722366
2014-01-18 00:00:00 UTC,598.386209354486,168603.253160127
2014-01-19 00:00:00 UTC,602.107038882482,201269.331607531
2014-01-20 00:00:00 UTC,611.912545269361,113810.039245062
2014-01-21 00:00:00 UTC,610.60110443948,146746.113797022
2014-01-22 00:00:00 UTC,607.829431741845,150662.170704625
2014-01-23 00:00:00 UTC,605.944973113857,113086.942519279
2014-01-24 00:00:00 UTC,590.528422633374,272160.532444655
2014-01-25 00:00:00 UTC,589.067217404083,112959.834751285
2014-01-26 00:00:00 UTC,598.251744788426,142455.15347553
2014-01-27 00:00:00 UTC,591.213212128123,365773.605336192
2014-01-28 00:00:00 UTC,581.833236173601,313829.316173979
2014-01-29 00:00:00 UTC,585.985303198004,141251.482286353
2014-01-30 00:00:00 UTC,585.404953724801,220052.619842821
2014-01-31 00:00:00 UTC,592.192679693824,117590.065098924
2014-02-01 00:00:00 UTC,597.77923582946,137647.425668961
2014-02-02 00:00:00 UTC,604.238184892515,90939.7040897588
2014-02-03 00:00:00 UTC,598.852604507723,124682.954419121
2014-02-04 00:00:00 UTC,596.438005801464,174400.619738999
2014-02-05 00:00:00 UTC,594.923973657227,136580.284095512
2014-02-06 00:00:00 UTC,583.483374198899,341121.496525269
2014-02-07 00:00:00 UTC,544.617758039629,778726.029419492
2014-02-08 00:00:00 UTC,525.907022157238,190095.329079521
2014-02-09 00:00:00 UTC,514.974996423136,233042.48957877
2014-02-10 00:00:00 UTC,501.808988485984,705564.648267165
2014-02-11 00:00:00 UTC,504.783306090707,554002.057784632
2014-02-12 00:00:00 UTC,490.993804902443,283859.913449235
2014-02-13 00:00:00 UTC,484.561722284008,442678.136028573
2014-02-14 00:00:00 UTC,468.744980673106,844394.174528591
2014-02-15 00:00:00 UTC,483.272925928432,197918.242251888
2014-02-16 00:00:00 UTC,469.697663895844,418758.967339859
2014-02-17 00:00:00 UTC,465.626862107671,416722.811122644
2014-02-18 00:00:00 UTC,463.973473295091,235816.269879058
2014-02-19 00:00:00 UTC,460.556814937963,174546.336164506
2014-02-20 00:00:00 UTC,439.541258968013,692738.650764225
2014-02-21 00:00:00 UTC,416.739279962916,477687.177538483
2014-02-22 00:00:00 UTC,424.191488719396,466312.660896567
2014-02-23 00:00:00 UTC,450.165441576352,481678.566959339
2014-02-24 00:00:00 UTC,420.901526558931,443362.764112224
2014-02-25 00:00:00 UTC,375.828596942835,820857.078769497
2014-02-26 00:00:00 UTC,421.462930706575,793181.403101334
2014-02-27 00:00:00 UTC,431.078006570622,383048.474062836
2014-02-28 00:00:00 UTC,421.825149462783,561884.256583723
2014-03-01 00:00:00 UTC,414.959186389829,162401.276637817
2014-03-02 00:00:00 UTC,417.529422942386,132399.329280503
2014-03-03 00:00:00 UTC,440.198189583768,1279964.85396089
2014-03-04 00:00:00 UTC,489.802815042424,889174.408742927
2014-03-05 00:00:00 UTC,483.644170819404,421585.945883635
2014-03-06 00:00:00 UTC,484.290396482906,340300.899405467
2014-03-07 00:00:00 UTC,468.433703510214,555656.511407778
2014-03-08 00:00:00 UTC,455.411099954956,249936.111825107
2014-03-09 00:00:00 UTC,457.929351252545,296539.964317004
2014-03-10 00:00:00 UTC,459.117692417131,262611.979889415
2014-03-11 00:00:00 UTC,455.52800662195,204177.78161223
2014-03-12 00:00:00 UTC,461.552371312527,260216.16893718
2014-03-13 00:00:00 UTC,463.293074175068,185030.556751217
2014-03-14 00:00:00 UTC,461.731252485047,219375.776913564
2014-03-15 00:00:00 UTC,458.726934850969,157580.566644624
2014-03-16 00:00:00 UTC,458.384274629623,67629.7504189689
2014-03-17 00:00:00 UTC,452.652757349109,215452.55559577
2014-03-18 00:00:00 UTC,443.435755673739,378067.337051039
2014-03-19 00:00:00 UTC,443.075284647915,253455.76116244
2014-03-20 00:00:00 UTC,432.469175258159,316984.587194371
2014-03-21 00:00:00 UTC,423.444858416312,468040.962485767
2014-03-22 00:00:00 UTC,411.012565204208,301099.799740729
2014-03-23 00:00:00 UTC,412.794442845876,119965.55053905
2014-03-24 00:00:00 UTC,411.669099745738,362600.33070521
2014-03-25 00:00:00 UTC,420.733768051807,290620.556160289
2014-03-26 00:00:00 UTC,422.306050834821,332323.713148744
2014-03-27 00:00:00 UTC,403.910974881962,872941.978628213
2014-03-28 00:00:00 UTC,379.403787177053,463241.990406362
2014-03-29 00:00:00 UTC,371.497322479503,164410.327283372
2014-03-30 00:00:00 UTC,349.36884982786,471459.398528653
2014-03-31 00:00:00 UTC,337.110638755288,273586.946431553
2014-04-01 00:00:00 UTC,352.512060176821,557927.993130049
2014-04-02 00:00:00 UTC,348.183070951907,606569.039277684
2014-04-03 00:00:00 UTC,323.075580189553,440078.114837901
2014-04-04 00:00:00 UTC,328.467329315883,247476.668574727
2014-04-05 00:00:00 UTC,332.261929994953,131011.43528833
2014-04-06 00:00:00 UTC,337.528989296772,92684.7404757144
2014-04-07 00:00:00 UTC,334.633086222039,199871.184916815
2014-04-08 00:00:00 UTC,333.331096754127,179144.554552453
2014-04-09 00:00:00 UTC,330.661742959058,260147.667045252
2014-04-10 00:00:00 UTC,299.720760542841,777649.110797615
2014-04-11 00:00:00 UTC,294.748477294782,762218.53371484
2014-04-12 00:00:00 UTC,312.520489894519,166485.46664957
2014-04-13 00:00:00 UTC,303.418249187988,243690.100544145
2014-04-14 00:00:00 UTC,324.704512181175,738658.711114273
2014-04-15 00:00:00 UTC,355.231402380306,1005166.63615787
2014-04-16 00:00:00 UTC,373.915518306779,966700.902664604
2014-04-17 00:00:00 UTC,367.504577683283,533969.360614102
2014-04-18 00:00:00 UTC,354.992661589159,231364.967643951
2014-04-19 00:00:00 UTC,357.36097907008,257437.777345971
2014-04-20 00:00:00 UTC,364.000006362913,105809.402328265
2014-04-21 00:00:00 UTC,362.364932484462,140005.33409106
2014-04-22 00:00:00 UTC,358.266233032604,104373.69688176
2014-04-23 00:00:00 UTC,355.226172297583,171387.878806134
2014-04-24 00:00:00 UTC,355.382991887671,224849.28964616
2014-04-25 00:00:00 UTC,337.9088504759,584632.600542261
2014-04-26 00:00:00 UTC,332.479778571466,227959.02849839
2014-04-27 00:00:00 UTC,327.772560731876,193955.824061414
2014-04-28 00:00:00 UTC,317.197094251482,308740.524738379
2014-04-29 00:00:00 UTC,321.519864956787,362264.712985288
2014-04-30 00:00:00 UTC,322.575716345948,253684.395417848
2014-05-01 00:00:00 UTC,329.381400844318,202471.306265392
2014-05-02 00:00:00 UTC,326.426559128457,207594.779064218
2014-05-03 00:00:00 UTC,319.08208360345,184100.860982039
2014-05-04 00:00:00 UTC,314.836437973687,56570.7192048485
2014-05-05 00:00:00 UTC,312.938589555548,169957.137116634
2014-05-06 00:00:00 UTC,309.561419501878,228997.741139177
2014-05-07 00:00:00 UTC,315.586392754193,333138.310018842
2014-05-08 00:00:00 UTC,319.947062295918,198414.767920016
2014-05-09 00:00:00 UTC,324.232561391007,295430.13431023
2014-05-10 00:00:00 UTC,328.669265063846,91539.5552183782
2014-05-11 00:00:00 UTC,323.181773404202,201627.267037814
2014-05-12 00:00:00 UTC,319.885385130201,117161.903822833
2014-05-13 00:00:00 UTC,319.310720213864,140597.42323623
2014-05-14 00:00:00 UTC,322.731593691423,213791.036571286
2014-05-15 00:00:00 UTC,326.588012370135,145529.327130252
2014-05-16 00:00:00 UTC,327.135444306576,109053.554990881
2014-05-17 00:00:00 UTC,327.254215610396,42310.3415984613
2014-05-18 00:00:00 UTC,326.330731126755,60851.3309788202
2014-05-19 00:00:00 UTC,325.235028431967,105587.272316507
2014-05-20 00:00:00 UTC,339.429756285902,611297.490001545
2014-05-21 00:00:00 UTC,359.570300680918,219767.66482385
2014-05-22 00:00:00 UTC,372.839300021991,680133.035395186
2014-05-23 00:00:00 UTC,389.537101428411,680955.408030918
2014-05-24 00:00:00 UTC,383.468175451916,157699.716513811
2014-05-25 00:00:00 UTC,411.982824201649,763497.847538391
2014-05-26 00:00:00 UTC,425.950387548995,431150.816941887
2014-05-27 00:00:00 UTC,421.430055270027,905790.686615338
2014-05-28 00:00:00 UTC,421.749618721348,390009.446730489
2014-05-29 00:00:00 UTC,418.102544696224,295069.446801242
2014-05-30 00:00:00 UTC,434.545646453736,689628.977875308
2014-05-31 00:00:00 UTC,452.350728671909,214430.605012512
2014-06-01 00:00:00 UTC,468.988551573693,802340.672458334
2014-06-02 00:00:00 UTC,466.76065264587,670577.397923854
2014-06-03 00:00:00 UTC,486.431373628808,644516.414724455
2014-06-04 00:00:00 UTC,473.040599413951,719590.05720172
2014-06-05 00:00:00 UTC,479.974660092623,483759.015069998
2014-06-06 00:00:00 UTC,482.414889274987,352170.56852907
2014-06-07 00:00:00 UTC,478.593043513914,232390.980219555
2014-06-08 00:00:00 UTC,480.354976938213,83402.3875842517
2014-06-09 00:00:00 UTC,476.526040392228,265264.236643737
2014-06-10 00:00:00 UTC,477.81967438841,344956.830239539
2014-06-11 00:00:00 UTC,472.290244818813,568601.450313135
2014-06-12 00:00:00 UTC,455.344792541544,1289687.96961429
2014-06-13 00:00:00 UTC,436.225316849719,1088232.9903393
2014-06-14 00:00:00 UTC,422.201736829417,895458.486401126
2014-06-15 00:00:00 UTC,418.94607745575,553365.395115336
2014-06-16 00:00:00 UTC,441.947601190877,708747.166649338
2014-06-17 00:00:00 UTC,440.619346868826,497007.06729019
2014-06-18 00:00:00 UTC,449.960173917097,390018.762749269
2014-06-19 00:00:00 UTC,444.635373771087,271945.188112773
2014-06-20 00:00:00 UTC,435.498217357615,378423.8633589
2014-06-21 00:00:00 UTC,434.079934347651,174447.278189316
2014-06-22 00:00:00 UTC,439.997619990515,204323.710351288
2014-06-23 00:00:00 UTC,433.698494116374,312929.351356902
2014-06-24 00:00:00 UTC,430.629949509244,305507.164714957
2014-06-25 00:00:00 UTC,417.359043366342,523388.301450296
2014-06-26 00:00:00 UTC,417.779350780082,245729.085116536
2014-06-27 00:00:00 UTC,429.260260937559,556105.343893305
2014-06-28 00:00:00 UTC,436.425503430028,208811.591250357
2014-06-29 00:00:00 UTC,435.672406720481,91310.4609229148
2014-06-30 00:00:00 UTC,453.721035303553,1107677.28406442
2014-07-01 00:00:00 UTC,472.318314429209,764918.693127018
2014-07-02 00:00:00 UTC,469.422143782567,327154.998630512
2014-07-03 00:00:00 UTC,470.047381049697,215871.935965711
2014-07-04 00:00:00 UTC,465.850555062952,406803.644261276
2014-07-05 00:00:00 UTC,463.272762573557,125306.37622654
2014-07-06 00:00:00 UTC,465.459888657755,154530.764524692
2014-07-07 00:00:00 UTC,461.332966742559,441522.362435846
2014-07-08 00:00:00 UTC,457.846635201463,192827.907799416
2014-07-09 00:00:00 UTC,458.136326454699,145826.523263041
2014-07-10 00:00:00 UTC,453.414655291178,317543.219276721
2014-07-11 00:00:00 UTC,458.21229922481,276221.204669265
2014-07-12 00:00:00 UTC,465.441680334913,128586.254567218
2014-07-13 00:00:00 UTC,464.36370304732,167443.823471409
2014-07-14 00:00:00 UTC,458.671195490109,236876.243262144
2014-07-15 00:00:00 UTC,457.489741947201,195194.562475773
2014-07-16 00:00:00 UTC,457.177702654206,211802.503871589
2014-07-17 00:00:00 UTC,457.632796129768,351515.765545557
2014-07-18 00:00:00 UTC,461.116923901722,224672.530038858
2014-07-19 00:00:00 UTC,462.991989076565,123538.024473071
2014-07-20 00:00:00 UTC,460.001056336127,121636.925282365
2014-07-21 00:00:00 UTC,458.184514466662,173762.637863215
2014-07-22 00:00:00 UTC,459.199330665487,147822.337763627
2014-07-23 00:00:00 UTC,460.177048854614,149993.939311476
2014-07-24 00:00:00 UTC,453.488885399622,646416.30847532
2014-07-25 00:00:00 UTC,448.816049085699,209488.001331314
2014-07-26 00:00:00 UTC,445.483849846321,171010.013645958
2014-07-27 00:00:00 UTC,444.729293857925,94476.5124661525
2014-07-28 00:00:00 UTC,437.822387704361,471576.112123342
2014-07-29 00:00:00 UTC,438.00905446166,231665.513264857
2014-07-30 00:00:00 UTC,432.044678693718,441004.460634686
2014-07-31 00:00:00 UTC,430.083127482784,477459.541165852
2014-08-01 00:00:00 UTC,442.327326334548,547838.773813088
2014-08-02 00:00:00 UTC,442.446562490637,161222.565189948
2014-08-03 00:00:00 UTC,436.442060527872,222179.919511016
2014-08-04 00:00:00 UTC,438.145130683758,270351.10667745
2014-08-05 00:00:00 UTC,435.895690122806,299699.867270774
2014-08-06 00:00:00 UTC,435.378082028687,260153.838949478
2014-08-07 00:00:00 UTC,437.287257021544,235782.175487993
2014-08-08 00:00:00 UTC,441.518903132432,248496.137389638
2014-08-09 00:00:00 UTC,439.240389493122,102737.092583393
2014-08-10 00:00:00 UTC,439.554157873231,153062.338372324
2014-08-11 00:00:00 UTC,437.609189403138,312830.958430859
2014-08-12 00:00:00 UTC,428.843927131014,273006.229041827
2014-08-13 00:00:00 UTC,416.147297694973,823634.513626303
2014-08-14 00:00:00 UTC,392.554033011264,792876.844315234
2014-08-15 00:00:00 UTC,384.429740962735,441061.108486527
2014-08-16 00:00:00 UTC,380.761520208393,441877.626811804
2014-08-17 00:00:00 UTC,383.503065302212,324994.18403288
2014-08-18 00:00:00 UTC,361.553965307387,956849.209145316
2014-08-19 00:00:00 UTC,363.247153582827,680625.205365733
2014-08-20 00:00:00 UTC,376.521140799026,796221.507507404
2014-08-21 00:00:00 UTC,397.32111668817,549933.463753836
2014-08-22 00:00:00 UTC,391.763363927565,558670.379220841
2014-08-23 00:00:00 UTC,385.610441410096,253007.533817793
2014-08-24 00:00:00 UTC,384.768712519012,217351.129935873
2014-08-25 00:00:00 UTC,385.343114529174,244655.013798952
2014-08-26 00:00:00 UTC,386.90541978791,317824.520819714
2014-08-27 00:00:00 UTC,390.879708168491,407738.326738382
2014-08-28 00:00:00 UTC,386.016202856583,360560.220613153
2014-08-29 00:00:00 UTC,383.655369421287,267850.239407251
2014-08-30 00:00:00 UTC,384.496998004167,163907.468092432
2014-08-31 00:00:00 UTC,374.504165518936,401112.028202243
2014-09-01 00:00:00 UTC,367.041475154039,329439.935637009
2014-09-02 00:00:00 UTC,364.526419478278,257288.270859305
2014-09-03 00:00:00 UTC,363.733589940287,261122.518270738
2014-09-04 00:00:00 UTC,369.31736774699,381645.696057214
2014-09-05 00:00:00 UTC,375.155579311288,253292.376056899
2014-09-06 00:00:00 UTC,373.138663427573,111955.000414059
2014-09-07 00:00:00 UTC,371.245798524758,142141.834948542
2014-09-08 00:00:00 UTC,364.98673708095,493695.637545564
2014-09-09 00:00:00 UTC,364.229625042199,339602.861103075
2014-09-10 00:00:00 UTC,370.449782584004,463797.347755112
2014-09-11 00:00:00 UTC,368.746969623851,227216.666101263
2014-09-12 00:00:00 UTC,366.44230583825,176002.246964584
2014-09-13 00:00:00 UTC,366.137449414914,145860.325380507
2014-09-14 00:00:00 UTC,367.167732808284,161239.001211369
2014-09-15 00:00:00 UTC,365.761779406539,311848.144198239
2014-09-16 00:00:00 UTC,362.740751080197,282344.285047931
2014-09-17 00:00:00 UTC,354.128205942976,365171.421751069
2014-09-18 00:00:00 UTC,340.743658789675,884443.897454751
2014-09-19 00:00:00 UTC,316.204885052187,935730.54878292
2014-09-20 00:00:00 UTC,321.335195398794,599729.450105756
2014-09-21 00:00:00 UTC,314.82444762827,379098.391606992
2014-09-22 00:00:00 UTC,313.567106556341,298406.607321578
2014-09-23 00:00:00 UTC,319.057349375122,941042.984138195
2014-09-24 00:00:00 UTC,334.596660333383,545631.283110134
2014-09-25 00:00:00 UTC,322.008780432308,412878.720176652
2014-09-26 00:00:00 UTC,317.65595741102,393693.319051848
2014-09-27 00:00:00 UTC,316.693094717578,142903.988495734
2014-09-28 00:00:00 UTC,308.611316413369,394114.07581728
2014-09-29 00:00:00 UTC,296.824536696961,508910.123303942
2014-09-30 00:00:00 UTC,299.497772453064,437431.261054506
2014-10-01 00:00:00 UTC,305.469946715576,380975.911983888
2014-10-02 00:00:00 UTC,299.607263530374,317501.112805171
2014-10-03 00:00:00 UTC,292.434388834021,417387.473449687
2014-10-04 00:00:00 UTC,276.633034146777,606228.709412052
2014-10-05 00:00:00 UTC,253.006902963814,1589094.70223188
2014-10-06 00:00:00 UTC,258.684554216629,1148668.70188373
2014-10-07 00:00:00 UTC,264.218622655127,463041.775059926
2014-10-08 00:00:00 UTC,271.556304114749,701363.573048899
2014-10-09 00:00:00 UTC,291.648091793384,1327042.81437797
2014-10-10 00:00:00 UTC,288.080030994984,559125.146587814
2014-10-11 00:00:00 UTC,286.23392577668,289725.414097223
2014-10-12 00:00:00 UTC,289.051092089437,337761.390510349
2014-10-13 00:00:00 UTC,298.839531517392,663101.921167254
2014-10-14 00:00:00 UTC,314.093308644291,689573.8049588
2014-10-15 00:00:00 UTC,310.333923862562,570798.165525173
2014-10-16 00:00:00 UTC,302.597056359649,703567.817379448
2014-10-17 00:00:00 UTC,297.518875511713,292518.150165881
2014-10-18 00:00:00 UTC,301.847890097573,261392.041313803
2014-10-19 00:00:00 UTC,304.405032083633,192538.780237503
2014-10-20 00:00:00 UTC,301.241575149806,293296.365975794
2014-10-21 00:00:00 UTC,302.472714680103,357088.380100284
2014-10-22 00:00:00 UTC,302.889612354191,264915.443848739
2014-10-23 00:00:00 UTC,291.529109218269,645180.747501295
2014-10-24 00:00:00 UTC,284.323854365711,319303.240806037
2014-10-25 00:00:00 UTC,278.134675166393,417841.607077018
2014-10-26 00:00:00 UTC,280.31390617435,187709.688154074
2014-10-27 00:00:00 UTC,281.755821421931,273562.756546819
2014-10-28 00:00:00 UTC,281.000761737616,253437.940110966
2014-10-29 00:00:00 UTC,274.037426195062,470588.7942812
2014-10-30 00:00:00 UTC,269.718536096473,529833.014879962
2014-10-31 00:00:00 UTC,273.069543380706,269868.633954964
2014-11-01 00:00:00 UTC,264.025977320609,372465.265614572
2014-11-02 00:00:00 UTC,259.456282735982,248196.216906175
2014-11-03 00:00:00 UTC,262.301973809987,323684.170694385
2014-11-04 00:00:00 UTC,260.471614780889,491305.225610185
2014-11-05 00:00:00 UTC,269.584523088062,473922.061197797
2014-11-06 00:00:00 UTC,274.018343276252,588530.08785945
2014-11-07 00:00:00 UTC,277.013516727846,354261.975023028
2014-11-08 00:00:00 UTC,274.490634178886,245495.951162123
2014-11-09 00:00:00 UTC,278.479209259253,366591.718169642
2014-11-10 00:00:00 UTC,290.371034738254,643776.410237758
2014-11-11 00:00:00 UTC,292.831743936457,358239.311285309
2014-11-12 00:00:00 UTC,311.42896867145,1265660.30580777
2014-11-13 00:00:00 UTC,333.940819330896,1942872.79523113
2014-11-14 00:00:00 UTC,317.061441639653,877320.199106991
2014-11-15 00:00:00 UTC,309.348067008709,508880.559896916
2014-11-16 00:00:00 UTC,308.324994409649,360099.52631407
2014-11-17 00:00:00 UTC,316.948946250996,965072.848726277
2014-11-18 00:00:00 UTC,307.310938712184,637437.688460172
2014-11-19 00:00:00 UTC,304.510015617862,425009.180918453
2014-11-20 00:00:00 UTC,294.419744500432,602548.536637418
2014-11-21 00:00:00 UTC,285.060461925008,541923.716627882
2014-11-22 00:00:00 UTC,289.069287523155,385251.823885576
2014-11-23 00:00:00 UTC,290.520448042184,346190.600290243
2014-11-24 00:00:00 UTC,302.281063083218,722063.428758561
2014-11-25 00:00:00 UTC,306.870083658099,576976.65383861
2014-11-26 00:00:00 UTC,297.754198146824,586298.156275362
2014-11-27 00:00:00 UTC,297.77036554244,350434.892015687
2014-11-28 00:00:00 UTC,297.635284558176,791807.11442791
2014-11-29 00:00:00 UTC,303.104455325872,341870.193187584
2014-11-30 00:00:00 UTC,302.062854628719,218927.499825561
2014-12-01 00:00:00 UTC,302.808449438282,340655.812347501
2014-12-02 00:00:00 UTC,303.872430710187,437716.03384072
2014-12-03 00:00:00 UTC,304.93324119093,354760.509170116
2014-12-04 00:00:00 UTC,303.085616647429,506729.051445412
2014-12-05 00:00:00 UTC,301.237729796858,453389.186051722
2014-12-06 00:00:00 UTC,303.015641832017,191157.969683206
2014-12-07 00:00:00 UTC,303.090155676213,170179.904542998
2014-12-08 00:00:00 UTC,300.13264507989,499106.476849652
2014-12-09 00:00:00 UTC,287.279368370843,826563.281110209
2014-12-10 00:00:00 UTC,283.792019294223,456388.223728666
2014-12-11 00:00:00 UTC,286.001202568872,651785.925145713
2014-12-12 00:00:00 UTC,285.658993862208,305236.083833678
2014-12-13 00:00:00 UTC,282.058147308112,283626.812310166
2014-12-14 00:00:00 UTC,282.471243654371,276301.939522577
2014-12-15 00:00:00 UTC,283.241645600967,353142.56604453
2014-12-16 00:00:00 UTC,273.043175779294,719371.493161334
2014-12-17 00:00:00 UTC,262.727466530781,698662.378307265
2014-12-18 00:00:00 UTC,257.439058049003,646970.363953099
2014-12-19 00:00:00 UTC,256.963308585234,556275.374066998
2014-12-20 00:00:00 UTC,265.393112476821,578665.410329235
2014-12-21 00:00:00 UTC,264.956916645612,246712.28568497
2014-12-22 00:00:00 UTC,267.998565077858,537317.545538147
2014-12-23 00:00:00 UTC,272.706306288544,454432.300164149
2014-12-24 00:00:00 UTC,269.95557947593,351502.644586654
2014-12-25 00:00:00 UTC,262.377533912669,194511.32774305
2014-12-26 00:00:00 UTC,266.00142495792,226263.002519452
2014-12-27 00:00:00 UTC,263.002658608588,233311.293808377
2014-12-28 00:00:00 UTC,261.298182562483,141469.223979202
2014-12-29 00:00:00 UTC,260.612138272951,331657.046859197
2014-12-30 00:00:00 UTC,259.078806381653,365565.783216834
2014-12-31 00:00:00 UTC,260.213816728962,176408.261117368
2015-01-01 00:00:00 UTC,263.468849892358,104380.033247266
2015-01-02 00:00:00 UTC,263.319081659626,244098.821153131
2015-01-03 00:00:00 UTC,255.185804152213,578646.973456673
2015-01-04 00:00:00 UTC,231.952848035368,823488.252343254
2015-01-05 00:00:00 UTC,229.502351082574,856858.521113497
2015-01-06 00:00:00 UTC,233.724663152798,804953.374072714
2015-01-07 00:00:00 UTC,244.35470188892,838017.094232775
2015-01-08 00:00:00 UTC,245.952631317776,625335.997889113
2015-01-09 00:00:00 UTC,242.822458607999,648809.587884516
2015-01-10 00:00:00 UTC,237.69727011281,502738.213458833
2015-01-11 00:00:00 UTC,232.266008511647,418567.150477566
2015-01-12 00:00:00 UTC,228.670179392978,473572.626538988
2015-01-13 00:00:00 UTC,205.488020280473,1744612.8452086
2015-01-14 00:00:00 UTC,170.384194470324,2035577.91450022
2015-01-15 00:00:00 UTC,178.387492363672,2050516.5495674
2015-01-16 00:00:00 UTC,183.885793143119,1073891.27069702
2015-01-17 00:00:00 UTC,176.362815398977,481206.493198805
2015-01-18 00:00:00 UTC,180.022448948277,813654.659299582
2015-01-19 00:00:00 UTC,184.39060166188,541542.898073433
2015-01-20 00:00:00 UTC,184.1444675664,802670.017431526
2015-01-21 00:00:00 UTC,186.848152804789,919827.996657865
2015-01-22 00:00:00 UTC,202.422692938129,1188970.55945391
2015-01-23 00:00:00 UTC,203.856304664142,805213.731001923
2015-01-24 00:00:00 UTC,212.629651641809,728504.583131596
2015-01-25 00:00:00 UTC,222.571870187346,793484.783993214
2015-01-26 00:00:00 UTC,249.392730962044,2479548.98562616
2015-01-27 00:00:00 UTC,232.510659903149,1261555.52573745
2015-01-28 00:00:00 UTC,226.224629865311,1092909.29988383
2015-01-29 00:00:00 UTC,207.534516425605,1155669.69840572
2015-01-30 00:00:00 UTC,206.421199074236,597088.435544183
2015-01-31 00:00:00 UTC,203.280137638058,514071.67271795
2015-02-01 00:00:00 UTC,194.895036952568,841117.67117458
2015-02-02 00:00:00 UTC,202.348367272169,997842.571189637
2015-02-03 00:00:00 UTC,208.732885099172,1243562.98121255
2015-02-04 00:00:00 UTC,199.157102060423,760861.460085548
2015-02-05 00:00:00 UTC,197.255710321132,564299.257276481
2015-02-06 00:00:00 UTC,194.223569611594,645031.469523771
2015-02-07 00:00:00 UTC,200.021302232199,388715.676666787
2015-02-08 00:00:00 UTC,198.679246589461,336585.280249197
2015-02-09 00:00:00 UTC,195.460835102696,627060.781795818
2015-02-10 00:00:00 UTC,193.279141559202,466827.129539271
2015-02-11 00:00:00 UTC,196.070236909856,493707.593283374
2015-02-12 00:00:00 UTC,194.846354578209,357946.336190255
2015-02-13 00:00:00 UTC,203.003576838988,970540.054938354
2015-02-14 00:00:00 UTC,211.262147721713,798567.029191143
2015-02-15 00:00:00 UTC,215.729406603353,954726.323476225
2015-02-16 00:00:00 UTC,206.026576660324,633395.178275918
2015-02-17 00:00:00 UTC,210.211782435569,720249.722041455
2015-02-18 00:00:00 UTC,210.916330804864,636255.775497958
2015-02-19 00:00:00 UTC,209.461149406063,530215.848196138
2015-02-20 00:00:00 UTC,214.235192173237,662159.046224846
2015-02-21 00:00:00 UTC,214.693002242669,216187.480122441
2015-02-22 00:00:00 UTC,212.162531938219,426804.977180575
2015-02-23 00:00:00 UTC,208.853588280358,431969.873046722
2015-02-24 00:00:00 UTC,210.949235558778,542362.913691477
2015-02-25 00:00:00 UTC,209.593319750326,448268.296763866
2015-02-26 00:00:00 UTC,209.290983593853,417307.434279626
2015-02-27 00:00:00 UTC,219.198960398236,886005.06621009
2015-02-28 00:00:00 UTC,220.876079438489,298836.795128033
2015-03-01 00:00:00 UTC,219.964592307661,404688.528560778
2015-03-02 00:00:00 UTC,231.691290313268,1235449.51208033
2015-03-03 00:00:00 UTC,244.260240203872,1314134.3817599
2015-03-04 00:00:00 UTC,250.023614976309,1441998.8403217
2015-03-05 00:00:00 UTC,244.165814366045,1057020.0196152
2015-03-06 00:00:00 UTC,248.321355112976,685380.991561074
2015-03-07 00:00:00 UTC,250.909490566,293074.986552408
2015-03-08 00:00:00 UTC,251.741537832283,271500.849714236
2015-03-09 00:00:00 UTC,257.693376658788,929115.997439078
2015-03-10 00:00:00 UTC,271.256243975449,1337231.77556911
2015-03-11 00:00:00 UTC,275.660742412967,758655.757114479
2015-03-12 00:00:00 UTC,278.113904768586,888803.293029532
2015-03-13 00:00:00 UTC,275.565663771925,815545.71621173
2015-03-14 00:00:00 UTC,271.206261651835,428101.098618196
2015-03-15 00:00:00 UTC,271.773940337281,282461.831002579
2015-03-16 00:00:00 UTC,277.327219669364,585944.489179189
2015-03-17 00:00:00 UTC,274.242254899312,590101.571280362
2015-03-18 00:00:00 UTC,260.007350421358,1657737.93495753
2015-03-19 00:00:00 UTC,244.62772615139,1165896.79951895
2015-03-20 00:00:00 UTC,246.793965388383,575248.445051373
2015-03-21 00:00:00 UTC,242.714925077287,300834.817226913
2015-03-22 00:00:00 UTC,243.69782559341,432745.151591226
2015-03-23 00:00:00 UTC,247.513156436601,773931.765068431
2015-03-24 00:00:00 UTC,236.017062533049,822965.8567749
2015-03-25 00:00:00 UTC,226.094527091269,804145.280915448
2015-03-26 00:00:00 UTC,229.568396048402,682161.58420327
2015-03-27 00:00:00 UTC,229.208267522886,391516.180096667
2015-03-28 00:00:00 UTC,232.007289417845,308661.097368654
2015-03-29 00:00:00 UTC,226.934266911975,374030.704526032
2015-03-30 00:00:00 UTC,227.769466989036,648445.889424659
2015-03-31 00:00:00 UTC,228.898558958019,529993.194755893
2015-04-01 00:00:00 UTC,227.221290972309,760079.976477144
2015-04-02 00:00:00 UTC,229.850534256219,584766.214155864
2015-04-03 00:00:00 UTC,232.580480619059,585793.93941423
2015-04-04 00:00:00 UTC,231.080413837628,234172.935064463
2015-04-05 00:00:00 UTC,232.869458481371,223106.414338549
2015-04-06 00:00:00 UTC,233.469077209952,234589.319868915
2015-04-07 00:00:00 UTC,232.138891026351,524369.825783518
2015-04-08 00:00:00 UTC,229.492374631471,837114.462801532
2015-04-09 00:00:00 UTC,227.1368718139,599806.094712661
2015-04-10 00:00:00 UTC,224.496450565598,554772.800647263
2015-04-11 00:00:00 UTC,223.140196082121,289545.871384694
2015-04-12 00:00:00 UTC,223.450035281806,235620.921853734
2015-04-13 00:00:00 UTC,220.757499288658,670143.090995072
2015-04-14 00:00:00 UTC,209.447918275865,794106.035078843
2015-04-15 00:00:00 UTC,209.647644458693,642276.742832193
2015-04-16 00:00:00 UTC,212.560808753726,443293.476238453
2015-04-17 00:00:00 UTC,209.699945101618,354687.840654064
2015-04-18 00:00:00 UTC,207.998650575121,206563.683130787
2015-04-19 00:00:00 UTC,208.970120477466,165832.729207824
2015-04-20 00:00:00 UTC,208.960928061485,602006.328180496
2015-04-21 00:00:00 UTC,211.068294826303,708825.301914095
2015-04-22 00:00:00 UTC,218.381421480107,647322.11182982
2015-04-23 00:00:00 UTC,216.870039352772,577146.631863174
2015-04-24 00:00:00 UTC,213.414969881797,467605.940394544
2015-04-25 00:00:00 UTC,210.077555099769,283952.033326323
2015-04-26 00:00:00 UTC,202.350954407556,567274.985645185
2015-04-27 00:00:00 UTC,205.488766294758,674151.718562147
2015-04-28 00:00:00 UTC,207.200970339613,452640.325555465
2015-04-29 00:00:00 UTC,204.64438733289,474456.385065265
2015-04-30 00:00:00 UTC,208.123301145858,791444.560858509
2015-05-01 00:00:00 UTC,209.782325293783,291069.603369279
2015-05-02 00:00:00 UTC,209.515110219743,184132.346180286
2015-05-03 00:00:00 UTC,213.621337930235,387107.220143589
2015-05-04 00:00:00 UTC,213.535413982053,477396.49227957
2015-05-05 00:00:00 UTC,210.679997694655,755176.93547124
2015-05-06 00:00:00 UTC,208.130960239608,670331.516772907
2015-05-07 00:00:00 UTC,205.92138647146,822163.815192608
2015-05-08 00:00:00 UTC,212.776694632791,663069.189868957
2015-05-09 00:00:00 UTC,214.045740102089,194624.199357224
2015-05-10 00:00:00 UTC,213.626811207787,210778.69270278
2015-05-11 00:00:00 UTC,214.230638143544,560664.384264124
2015-05-12 00:00:00 UTC,214.555417439577,405453.798126457
2015-05-13 00:00:00 UTC,213.660290905035,531076.358755496
2015-05-14 00:00:00 UTC,207.931092705794,448413.768593768
2015-05-15 00:00:00 UTC,208.337393574069,480029.472153352
2015-05-16 00:00:00 UTC,207.332235363975,293311.871383284
2015-05-17 00:00:00 UTC,206.429676047905,325417.804725437
2015-05-18 00:00:00 UTC,205.858382769447,537975.222789347
2015-05-19 00:00:00 UTC,205.58420049339,477887.400403388
2015-05-20 00:00:00 UTC,207.576836451967,433865.17522118
2015-05-21 00:00:00 UTC,208.684930279067,462211.249297203
2015-05-22 00:00:00 UTC,210.875035758994,575781.737782766
2015-05-23 00:00:00 UTC,212.997173836969,316482.74308215
2015-05-24 00:00:00 UTC,211.604222435805,175868.42696502
2015-05-25 00:00:00 UTC,212.04667022302,245808.713594125
2015-05-26 00:00:00 UTC,212.864700608932,438012.380794645
2015-05-27 00:00:00 UTC,214.163883760535,406266.075265062
2015-05-28 00:00:00 UTC,214.563122123547,414157.482324195
2015-05-29 00:00:00 UTC,214.702760891449,575340.579151916
2015-05-30 00:00:00 UTC,212.542203836389,296184.308636633
2015-05-31 00:00:00 UTC,211.107350589281,321696.51925694
2015-06-01 00:00:00 UTC,207.372262378646,819028.128220358
2015-06-02 00:00:00 UTC,204.381161644507,641262.7951247
2015-06-03 00:00:00 UTC,203.442355884299,759734.413066951
2015-06-04 00:00:00 UTC,200.228719474092,535131.571394037
2015-06-05 00:00:00 UTC,200.002229979233,649643.142925376
2015-06-06 00:00:00 UTC,201.355037339725,163092.62314717
2015-06-07 00:00:00 UTC,201.406679213579,138075.891847455
2015-06-08 00:00:00 UTC,201.450963033606,710554.15228169
2015-06-09 00:00:00 UTC,202.405080611667,596897.675580038
2015-06-10 00:00:00 UTC,201.617814476744,410016.334908322
2015-06-11 00:00:00 UTC,202.580990419408,703387.633539776
2015-06-12 00:00:00 UTC,203.238710604131,361160.394100426
2015-06-13 00:00:00 UTC,203.080937364005,284388.397724005
2015-06-14 00:00:00 UTC,204.247035525569,247717.057336184
2015-06-15 00:00:00 UTC,206.88437436542,605533.222966172
2015-06-16 00:00:00 UTC,212.147079849878,1284030.17286944
2015-06-17 00:00:00 UTC,218.753124811963,998275.589681955
2015-06-18 00:00:00 UTC,217.502127564862,847163.280960258
2015-06-19 00:00:00 UTC,216.87789899241,683342.675150224
2015-06-20 00:00:00 UTC,212.94346740801,431556.764693035
2015-06-21 00:00:00 UTC,213.035957014369,302972.055436994
2015-06-22 00:00:00 UTC,214.882199652154,655294.664961804
2015-06-23 00:00:00 UTC,216.969959997902,641904.430566262
2015-06-24 00:00:00 UTC,215.955627623806,493207.505682235
2015-06-25 00:00:00 UTC,215.425090970965,476788.511630453
2015-06-26 00:00:00 UTC,215.692721843596,370411.514382232
2015-06-27 00:00:00 UTC,219.115261753462,662935.605081364
2015-06-28 00:00:00 UTC,223.219850613531,646474.152481217
2015-06-29 00:00:00 UTC,226.685407284323,919246.551921246
2015-06-30 00:00:00 UTC,234.789992873567,1557989.04929278
2015-07-01 00:00:00 UTC,233.691581745885,1048100.78528008
2015-07-02 00:00:00 UTC,231.880888682842,798888.697279676
2015-07-03 00:00:00 UTC,230.141743806635,692079.535480476
2015-07-04 00:00:00 UTC,231.496053027015,464217.791044633
2015-07-05 00:00:00 UTC,237.836342391565,1491806.06340728
2015-07-06 00:00:00 UTC,246.608509254585,1620276.39973193
2015-07-07 00:00:00 UTC,243.925818715205,862494.570434727
2015-07-08 00:00:00 UTC,243.961387307855,1017180.09774483
2015-07-09 00:00:00 UTC,244.763694091769,930909.897370586
2015-07-10 00:00:00 UTC,253.080621543037,2663715.48977092
2015-07-11 00:00:00 UTC,261.151946666082,1056258.3953298
2015-07-12 00:00:00 UTC,272.654437075633,1556631.04202899
2015-07-13 00:00:00 UTC,265.237331939073,2051413.60801413
2015-07-14 00:00:00 UTC,263.147906895852,793781.230483588
2015-07-15 00:00:00 UTC,263.665834914184,795424.299140427
2015-07-16 00:00:00 UTC,258.277992299046,1325746.4469268
2015-07-17 00:00:00 UTC,254.359296409114,775971.800303458
2015-07-18 00:00:00 UTC,255.871776211861,464054.162472373
2015-07-19 00:00:00 UTC,253.65992609798,422546.747081197
2015-07-20 00:00:00 UTC,253.307728980799,565825.480946148
2015-07-21 00:00:00 UTC,255.048850198541,687610.395120591
2015-07-22 00:00:00 UTC,252.548939928702,688784.023922592
2015-07-23 00:00:00 UTC,252.025975877582,521740.393309457
2015-07-24 00:00:00 UTC,256.418663503047,1137865.89242485
2015-07-25 00:00:00 UTC,261.22819605542,450690.507650018
2015-07-26 00:00:00 UTC,262.730061788727,481492.787387822
2015-07-27 00:00:00 UTC,261.52197422557,1061204.63735681
2015-07-28 00:00:00 UTC,265.594946601294,731968.984479956
2015-07-29 00:00:00 UTC,263.273135412365,993415.751150416
2015-07-30 00:00:00 UTC,262.794704637254,1033978.7416828
2015-07-31 00:00:00 UTC,260.506870378049,1204752.87073719
2015-08-01 00:00:00 UTC,257.325130452894,573439.732692494
2015-08-02 00:00:00 UTC,256.04629217581,538252.45685815
2015-08-03 00:00:00 UTC,259.602810939388,852937.563945106
2015-08-04 00:00:00 UTC,260.797158803082,835940.014459379
2015-08-05 00:00:00 UTC,260.997837067493,655402.845421183
2015-08-06 00:00:00 UTC,257.43337355932,798510.051144473
2015-08-07 00:00:00 UTC,256.19700148305,1154553.72443129
2015-08-08 00:00:00 UTC,250.969103188144,1160462.50174522
2015-08-09 00:00:00 UTC,242.476667859428,579439.642578409
2015-08-10 00:00:00 UTC,242.81281860545,908404.838058394
2015-08-11 00:00:00 UTC,242.589290714745,1247658.92372739
2015-08-12 00:00:00 UTC,242.471048044462,918239.185132979
2015-08-13 00:00:00 UTC,239.200156968818,930283.235314221
2015-08-14 00:00:00 UTC,239.818954644379,976403.362985492
2015-08-15 00:00:00 UTC,241.252182834004,838768.748753683
2015-08-16 00:00:00 UTC,237.427032469132,1017168.50299886
2015-08-17 00:00:00 UTC,236.190053369879,1083764.31444408
2015-08-18 00:00:00 UTC,233.02861471283,2077125.20240827
2015-08-19 00:00:00 UTC,213.955850617925,2082116.81160187
2015-08-20 00:00:00 UTC,211.464351989429,1434742.91228876
2015-08-21 00:00:00 UTC,208.822178104784,836287.98480303
2015-08-22 00:00:00 UTC,203.814790044994,998483.838938161
2015-08-23 00:00:00 UTC,203.806632985936,670599.313199648
2015-08-24 00:00:00 UTC,194.218407352683,2777398.34368461
2015-08-25 00:00:00 UTC,189.581336312179,3308373.59741132
2015-08-26 00:00:00 UTC,200.542464093645,1887357.69369411
2015-08-27 00:00:00 UTC,201.553272795097,1314854.73277244
2015-08-28 00:00:00 UTC,204.075089376948,1592847.89168494
2015-08-29 00:00:00 UTC,206.782944011222,604912.57420622
2015-08-30 00:00:00 UTC,205.404926753966,718296.745267453
2015-08-31 00:00:00 UTC,204.897821119854,1014638.1274431
2015-09-01 00:00:00 UTC,203.758180020334,950293.96661963
2015-09-02 00:00:00 UTC,203.619778612717,762192.68269499
2015-09-03 00:00:00 UTC,204.246043180134,891549.236128221
2015-09-04 00:00:00 UTC,206.366108166065,728296.571363167
2015-09-05 00:00:00 UTC,208.684567966467,990425.094602212
2015-09-06 00:00:00 UTC,215.091741574116,913243.609775561
2015-09-07 00:00:00 UTC,215.58566383828,740486.570941426
2015-09-08 00:00:00 UTC,218.019055594793,1188020.5515687
2015-09-09 00:00:00 UTC,215.954303961941,873084.957822569
2015-09-10 00:00:00 UTC,213.379968813244,864221.573973298
2015-09-11 00:00:00 UTC,213.196407980329,840989.650002833
2015-09-12 00:00:00 UTC,210.977239170999,445522.549496389
2015-09-13 00:00:00 UTC,206.261989523304,700129.186511961
2015-09-14 00:00:00 UTC,204.038419826121,974879.930907318
2015-09-15 00:00:00 UTC,204.927579210976,752631.35031021
2015-09-16 00:00:00 UTC,203.595171151462,996368.878421645
2015-09-17 00:00:00 UTC,203.981877560161,1007723.61660714
2015-09-18 00:00:00 UTC,205.353121402861,769703.91530247
2015-09-19 00:00:00 UTC,205.393277427612,321628.277076133
2015-09-20 00:00:00 UTC,204.702943952789,189183.127932648
2015-09-21 00:00:00 UTC,202.751701787348,777618.414214188
2015-09-22 00:00:00 UTC,205.321158654773,1031782.84901768
2015-09-23 00:00:00 UTC,206.517636389652,637226.844517425
2015-09-24 00:00:00 UTC,207.186285726954,821903.463345649
2015-09-25 00:00:00 UTC,210.510786563003,773178.565897037
2015-09-26 00:00:00 UTC,209.029722764534,314793.947149273
2015-09-27 00:00:00 UTC,208.096051212514,310020.797422744
2015-09-28 00:00:00 UTC,211.396594464765,1030500.26018531
2015-09-29 00:00:00 UTC,211.341320578958,817996.007866543
2015-09-30 00:00:00 UTC,211.176884252046,626717.102577126
2015-10-01 00:00:00 UTC,212.270193577298,579587.687208651
2015-10-02 00:00:00 UTC,212.073565795934,778884.752917891
2015-10-03 00:00:00 UTC,212.088007499461,282891.58763932
2015-10-04 00:00:00 UTC,212.284704732671,230946.455028893
2015-10-05 00:00:00 UTC,212.412141363348,721444.093988489
2015-10-06 00:00:00 UTC,216.068002071275,928096.936802776
2015-10-07 00:00:00 UTC,217.414866461672,573560.901254469
2015-10-08 00:00:00 UTC,216.334916612297,746623.948672922
2015-10-09 00:00:00 UTC,215.073697420648,530624.906827121
2015-10-10 00:00:00 UTC,215.145821722094,467691.734057633
2015-10-11 00:00:00 UTC,215.957340530636,362812.039363189
2015-10-12 00:00:00 UTC,217.010579000975,559880.061145816
2015-10-13 00:00:00 UTC,217.915047760316,1117382.55498752
2015-10-14 00:00:00 UTC,219.934526291558,876745.580491628
2015-10-15 00:00:00 UTC,222.358053142903,1010835.10706605
2015-10-16 00:00:00 UTC,227.532982758241,1611762.86157281
2015-10-17 00:00:00 UTC,235.373217741229,1929114.94043814
2015-10-18 00:00:00 UTC,232.899264761131,990697.282997311
2015-10-19 00:00:00 UTC,232.242137175737,1438059.85281722
2015-10-20 00:00:00 UTC,234.618608494527,1460891.83847711
2015-10-21 00:00:00 UTC,235.676526881967,1109740.63813562
2015-10-22 00:00:00 UTC,241.280710575283,1835222.71561596
2015-10-23 00:00:00 UTC,248.910519033217,1300127.16506407
2015-10-24 00:00:00 UTC,253.380733019561,859848.420333964
2015-10-25 00:00:00 UTC,260.710147176658,1991395.5784191
2015-10-26 00:00:00 UTC,256.467313326411,977755.869039625
2015-10-27 00:00:00 UTC,262.739018209733,2049025.4387495
2015-10-28 00:00:00 UTC,271.425202840069,2820498.47907281
2015-10-29 00:00:00 UTC,281.715580370015,3330877.04126321
2015-10-30 00:00:00 UTC,292.95015213382,4138943.18871953
2015-10-31 00:00:00 UTC,290.669629838427,2155200.02004352
2015-11-01 00:00:00 UTC,286.007957944696,1696437.87401832
2015-11-02 00:00:00 UTC,303.648412583975,3777300.47505382
2015-11-03 00:00:00 UTC,346.532452745769,10029072.8961488
2015-11-04 00:00:00 UTC,404.082390814936,15135526.7024963
2015-11-05 00:00:00 UTC,365.058489934369,7083224.63233657
2015-11-06 00:00:00 UTC,342.507585225198,6140443.71116053
2015-11-07 00:00:00 UTC,353.877856115445,2079929.71982882
2015-11-08 00:00:00 UTC,353.467810180776,1803136.85796056
2015-11-09 00:00:00 UTC,347.581633132145,2353400.47694777
2015-11-10 00:00:00 UTC,340.216957077403,5295478.24505746
2015-11-11 00:00:00 UTC,295.471055283305,6036268.65931498
2015-11-12 00:00:00 UTC,306.120393743475,3840844.56049049
2015-11-13 00:00:00 UTC,310.752043824341,1914373.52057019
2015-11-14 00:00:00 UTC,310.181673154622,1154652.8652814
2015-11-15 00:00:00 UTC,306.013104914244,1490383.95764296
2015-11-16 00:00:00 UTC,302.195183013541,1505857.26660449
2015-11-17 00:00:00 UTC,314.21070880247,1931933.98602481
2015-11-18 00:00:00 UTC,313.671264045319,1374913.06092721
2015-11-19 00:00:00 UTC,310.198267501794,1678356.72187991
2015-11-20 00:00:00 UTC,300.099713649275,1783714.07382351
2015-11-21 00:00:00 UTC,305.905138406057,968137.670132096
2015-11-22 00:00:00 UTC,305.368267509225,618332.905901031
2015-11-23 00:00:00 UTC,305.219564361526,959479.900746463
2015-11-24 00:00:00 UTC,302.984347163399,1150572.13893006
2015-11-25 00:00:00 UTC,304.651342900901,1681229.03104404
2015-11-26 00:00:00 UTC,324.071931891755,6645627.61859924
2015-11-27 00:00:00 UTC,336.565473514474,3055360.43257534
2015-11-28 00:00:00 UTC,336.727383503308,1454157.22164571
2015-11-29 00:00:00 UTC,341.563156383681,2248737.54902137
2015-11-30 00:00:00 UTC,356.108728378105,3799961.10049669
2015-12-01 00:00:00 UTC,346.588926870233,3028008.88807276
2015-12-02 00:00:00 UTC,335.612847272801,2605330.85221178
2015-12-03 00:00:00 UTC,338.986120238819,3082556.01916196
2015-12-04 00:00:00 UTC,332.424841464566,1447795.61317389
2015-12-05 00:00:00 UTC,344.823214192973,3182185.09018673
2015-12-06 00:00:00 UTC,361.034111895253,3937393.48826046
2015-12-07 00:00:00 UTC,361.48962706764,2580326.23367987
2015-12-08 00:00:00 UTC,362.85205317159,2138766.06635703
2015-12-09 00:00:00 UTC,379.188767030132,4270409.08910537
2015-12-10 00:00:00 UTC,378.189032877624,2111752.21749702
2015-12-11 00:00:00 UTC,391.114303730957,4522214.01746527
2015-12-12 00:00:00 UTC,390.902417605594,5487990.5505529
2015-12-13 00:00:00 UTC,394.339742481561,2188050.42286077
2015-12-14 00:00:00 UTC,399.852249293341,3056153.65731908
2015-12-15 00:00:00 UTC,411.232678101894,3861657.87251266
2015-12-16 00:00:00 UTC,415.191354766813,4608577.8970752
2015-12-17 00:00:00 UTC,416.239130018332,1535022.18496404
2015-12-18 00:00:00 UTC,420.947237787247,2167873.08245498
2015-12-19 00:00:00 UTC,422.850627245873,1545583.13873254
2015-12-20 00:00:00 UTC,414.309838797692,3418048.10337414
2015-12-21 00:00:00 UTC,399.299281920942,3604523.63232055
2015-12-22 00:00:00 UTC,399.522923191305,2087032.90588592
2015-12-23 00:00:00 UTC,401.473918466082,1478126.18970514
2015-12-24 00:00:00 UTC,413.152243945867,1684658.02999211
2015-12-25 00:00:00 UTC,414.232193575218,1111266.11798149
2015-12-26 00:00:00 UTC,392.019879797635,5426512.00953851
2015-12-27 00:00:00 UTC,383.525091361,1763404.27557152
2015-12-28 00:00:00 UTC,388.02542788269,1767254.71837368
2015-12-29 00:00:00 UTC,389.201566540046,2162771.86787757
2015-12-30 00:00:00 UTC,392.944448640213,1830362.1129287
2015-12-31 00:00:00 UTC,391.05214580226,1708315.2823462
2016-01-01 00:00:00 UTC,398.30497169407,1087726.146018
2016-01-02 00:00:00 UTC,398.63937711511,933736.32170304
2016-01-03 00:00:00 UTC,394.438425842084,1402500.68329236
2016-01-04 00:00:00 UTC,397.39287386298,1789589.90622203
2016-01-05 00:00:00 UTC,401.216599757767,1802421.57642988
2016-01-06 00:00:00 UTC,400.911450197501,1196925.05953772
2016-01-07 00:00:00 UTC,414.744088972329,4218025.52546593
2016-01-08 00:00:00 UTC,419.050159735549,2564164.22572975
2016-01-09 00:00:00 UTC,413.953922491952,1111397.85992997
2016-01-10 00:00:00 UTC,408.923767759987,1394906.11607564
2016-01-11 00:00:00 UTC,412.954882721246,1705721.35502137
2016-01-12 00:00:00 UTC,412.934660568032,2153736.22222962
2016-01-13 00:00:00 UTC,399.150043049341,2769625.48533821
2016-01-14 00:00:00 UTC,398.564360363326,1590253.1462838
2016-01-15 00:00:00 UTC,371.101951079862,7710702.76999683
2016-01-16 00:00:00 UTC,342.323104373858,5949210.11540985
2016-01-17 00:00:00 UTC,355.447562931462,2010694.92021645
2016-01-18 00:00:00 UTC,353.511777145543,2140192.37649384
2016-01-19 00:00:00 UTC,353.733648627827,1702915.77799857
2016-01-20 00:00:00 UTC,361.914900187327,5603486.82163348
2016-01-21 00:00:00 UTC,381.630559572514,3220116.70292653
2016-01-22 00:00:00 UTC,364.375327060067,3697440.27388739
2016-01-23 00:00:00 UTC,361.273994154647,2803697.86032702
2016-01-24 00:00:00 UTC,367.641083999543,2386133.09410553
2016-01-25 00:00:00 UTC,367.019673263302,2511140.63672966
2016-01-26 00:00:00 UTC,364.605719439089,1427035.68623497
2016-01-27 00:00:00 UTC,364.528602698904,1442855.43540308
2016-01-28 00:00:00 UTC,353.232480243842,2153178.5734547
2016-01-29 00:00:00 UTC,348.05838229325,2824327.16387714
2016-01-30 00:00:00 UTC,350.026260372331,705337.571448752
2016-01-31 00:00:00 UTC,350.043966196506,865504.548048119
2016-02-01 00:00:00 UTC,344.834269020774,1766094.26886421
2016-02-02 00:00:00 UTC,343.063818881313,1530370.34396812
2016-02-03 00:00:00 UTC,339.325561443467,1768982.01058768
2016-02-04 00:00:00 UTC,340.078224315743,2382210.34479388
2016-02-05 00:00:00 UTC,346.691653116713,1767786.76254468
2016-02-06 00:00:00 UTC,336.966001909506,1581120.78160766
2016-02-07 00:00:00 UTC,336.972373690692,1360106.79355427
2016-02-08 00:00:00 UTC,336.515480537344,1755334.7052626
2016-02-09 00:00:00 UTC,332.793364353893,2311207.29753768
2016-02-10 00:00:00 UTC,336.196206705821,3187128.30308708
2016-02-11 00:00:00 UTC,334.422840469455,3114168.47204954
2016-02-12 00:00:00 UTC,336.636876402097,2576400.25450566
2016-02-13 00:00:00 UTC,343.857102315824,2221818.55077656
2016-02-14 00:00:00 UTC,352.833971615074,2511524.42524566
2016-02-15 00:00:00 UTC,357.80507084512,2442113.94245626
2016-02-16 00:00:00 UTC,360.968894278623,2318913.64065921
2016-02-17 00:00:00 UTC,370.21703189895,3168668.543035
2016-02-18 00:00:00 UTC,376.922282921655,2639572.81856167
2016-02-19 00:00:00 UTC,376.6139987959,1803574.03164395
2016-02-20 00:00:00 UTC,385.488626081658,3250099.96514134
2016-02-21 00:00:00 UTC,390.72280311515,4459961.96167054
2016-02-22 00:00:00 UTC,388.871102478977,3681066.79692658
2016-02-23 00:00:00 UTC,385.558193469025,3138781.3161468
2016-02-24 00:00:00 UTC,381.575781423219,2336520.01533138
2016-02-25 00:00:00 UTC,383.111493433986,2056015.84838212
2016-02-26 00:00:00 UTC,385.00580294474,2251600.67558314
2016-02-27 00:00:00 UTC,393.599307446041,1501251.7251237
2016-02-28 00:00:00 UTC,389.171329932812,1623787.50722931
2016-02-29 00:00:00 UTC,396.198770344238,1942756.32418397
2016-03-01 00:00:00 UTC,397.010480595041,2357159.61509837
2016-03-02 00:00:00 UTC,394.979772025436,2444385.96880292
2016-03-03 00:00:00 UTC,386.107590172229,4251458.29574677
2016-03-04 00:00:00 UTC,382.316430564371,3739487.43651556
2016-03-05 00:00:00 UTC,365.068930206181,4862073.0350068
2016-03-06 00:00:00 UTC,364.664476416759,2905233.40763982
2016-03-07 00:00:00 UTC,370.875320072066,3489982.09751981
2016-03-08 00:00:00 UTC,372.993456048947,2590478.5697128
2016-03-09 00:00:00 UTC,373.765705800257,2473866.13552891
2016-03-10 00:00:00 UTC,374.221427896495,3189154.80795201
2016-03-11 00:00:00 UTC,376.846889238319,2423312.16101484
2016-03-12 00:00:00 UTC,368.789759023253,3034351.63208026
2016-03-13 00:00:00 UTC,368.283556009982,2166341.67775897
2016-03-14 00:00:00 UTC,371.412930495405,2931372.2169148
2016-03-15 00:00:00 UTC,374.368409155444,2982048.64083032
2016-03-16 00:00:00 UTC,373.762052353359,2747271.63112187
2016-03-17 00:00:00 UTC,372.522880886353,3096859.33571232
2016-03-18 00:00:00 UTC,367.024671046172,3896734.70738138
2016-03-19 00:00:00 UTC,362.949539661544,1689294.47413348
2016-03-20 00:00:00 UTC,365.721276507904,1289953.30033499
2016-03-21 00:00:00 UTC,364.555549073167,2042024.95429494
2016-03-22 00:00:00 UTC,370.652482733233,2125456.71019196
2016-03-23 00:00:00 UTC,371.919209143735,1826894.21656486
2016-03-24 00:00:00 UTC,372.75953964392,2407125.7979376
2016-03-25 00:00:00 UTC,372.91899218706,1499562.35702354
2016-03-26 00:00:00 UTC,373.901193945903,1368785.0769494
2016-03-27 00:00:00 UTC,377.156961924631,1620215.28620072
2016-03-28 00:00:00 UTC,379.313774895984,2081494.19697131
2016-03-29 00:00:00 UTC,373.259089714027,2142159.11670706
2016-03-30 00:00:00 UTC,366.064505701233,2137400.66238773
2016-03-31 00:00:00 UTC,367.341025711552,3024820.97702655
2016-04-01 00:00:00 UTC,367.297792146426,1298992.54003206
2016-04-02 00:00:00 UTC,370.320201874284,1086591.83351444
2016-04-03 00:00:00 UTC,369.318702332165,831673.254667509
2016-04-04 00:00:00 UTC,369.09184061677,2127072.16919383
2016-04-05 00:00:00 UTC,371.341859578284,1983411.39332744
2016-04-06 00:00:00 UTC,372.326066828245,2203387.79246519
2016-04-07 00:00:00 UTC,371.068914070429,2023071.25188313
2016-04-08 00:00:00 UTC,371.854935930539,2038163.93506915
2016-04-09 00:00:00 UTC,367.207942839124,1220409.7135783
2016-04-10 00:00:00 UTC,368.904323718533,1489935.67351609
2016-04-11 00:00:00 UTC,370.279243761441,1908412.10469854
2016-04-12 00:00:00 UTC,373.475247847268,2092353.66039526
2016-04-13 00:00:00 UTC,375.040174780534,2691701.90596289
2016-04-14 00:00:00 UTC,376.622682580423,1449578.13812436
2016-04-15 00:00:00 UTC,379.505053211819,1937026.6232658
2016-04-16 00:00:00 UTC,381.626205110168,986505.694589922
2016-04-17 00:00:00 UTC,378.770596200824,1054469.4784098
2016-04-18 00:00:00 UTC,378.87492674167,1468753.15218194
2016-04-19 00:00:00 UTC,378.598305244501,1674959.2857644
2016-04-20 00:00:00 UTC,386.27647313586,2431523.42053206
2016-04-21 00:00:00 UTC,393.272623058593,2197785.98603538
2016-04-22 00:00:00 UTC,396.132920128317,1445641.15139126
2016-04-23 00:00:00 UTC,397.673994590018,1110503.70569844
2016-04-24 00:00:00 UTC,404.207694598832,2089933.23210573
2016-04-25 00:00:00 UTC,408.843302413102,2370451.00061774
2016-04-26 00:00:00 UTC,413.286768224049,2252423.66136419
2016-04-27 00:00:00 UTC,407.560995251612,2905106.88757569
2016-04-28 00:00:00 UTC,394.043014368794,3118143.86819542
2016-04-29 00:00:00 UTC,396.223520636513,1700679.10012448
2016-04-30 00:00:00 UTC,396.525946908606,1752870.10754511
2016-05-01 00:00:00 UTC,394.381840211178,739931.468163557
2016-05-02 00:00:00 UTC,389.212306032696,2776040.70298004
2016-05-03 00:00:00 UTC,388.699834325521,1523983.24394371
2016-05-04 00:00:00 UTC,390.725125388915,1693393.43442621
2016-05-05 00:00:00 UTC,392.409161811713,1625027.86601598
2016-05-06 00:00:00 UTC,396.865046578704,2464249.18286851
2016-05-07 00:00:00 UTC,403.4523337876,878713.832548621
2016-05-08 00:00:00 UTC,402.620712656198,958904.709631551
2016-05-09 00:00:00 UTC,403.786976778224,2405523.52268989
2016-05-10 00:00:00 UTC,402.354949865723,2445681.51213148
2016-05-11 00:00:00 UTC,398.570125829718,1769826.43780994
2016-05-12 00:00:00 UTC,397.025762222187,2035762.30576086
2016-05-13 00:00:00 UTC,401.821283704167,2215027.58430431
2016-05-14 00:00:00 UTC,402.688529497337,1406728.40801849
2016-05-15 00:00:00 UTC,403.346178802643,941212.625715053
2016-05-16 00:00:00 UTC,403.122442873095,2449058.83302334
2016-05-17 00:00:00 UTC,401.686220473443,1657650.83181156
2016-05-18 00:00:00 UTC,403.59060276715,2459280.38120975
2016-05-19 00:00:00 UTC,400.105247714338,3616624.72036358
2016-05-20 00:00:00 UTC,394.871316784112,2532568.8755324
2016-05-21 00:00:00 UTC,395.535176631785,1001681.444762
2016-05-22 00:00:00 UTC,393.082888443288,1849057.14554851
2016-05-23 00:00:00 UTC,392.786831575821,2683979.40563269
2016-05-24 00:00:00 UTC,396.946111558578,2515050.27878857
2016-05-25 00:00:00 UTC,401.185066345147,1912851.32451211
2016-05-26 00:00:00 UTC,402.669263277959,2283089.38061384
2016-05-27 00:00:00 UTC,421.23279049593,5118667.10887621
2016-05-28 00:00:00 UTC,444.504648547104,6201262.72119396
2016-05-29 00:00:00 UTC,468.88100947915,5629937.90711341
2016-05-30 00:00:00 UTC,477.235369800637,3206427.04861376
2016-05-31 00:00:00 UTC,479.268118034735,5188333.57265196
2016-06-01 00:00:00 UTC,477.738654686033,3467972.21080592
2016-06-02 00:00:00 UTC,479.713440995505,3193177.66191082
2016-06-03 00:00:00 UTC,493.424134071993,5957694.76129259
2016-06-04 00:00:00 UTC,504.607291307139,4857840.13678133
2016-06-05 00:00:00 UTC,508.062558032577,2734004.37137841
2016-06-06 00:00:00 UTC,513.171385170991,3813598.84889176
2016-06-07 00:00:00 UTC,512.205049479335,5035303.036454
2016-06-08 00:00:00 UTC,508.282789720892,2974205.18581785
2016-06-09 00:00:00 UTC,509.169462430712,2618482.19707645
2016-06-10 00:00:00 UTC,512.177196503469,2475029.48690727
2016-06-11 00:00:00 UTC,520.096419096524,3120670.80327312
2016-06-12 00:00:00 UTC,568.59139106588,11440712.0989257
2016-06-13 00:00:00 UTC,611.471311367583,11516771.030991
2016-06-14 00:00:00 UTC,611.741568819098,7264292.73622341
2016-06-15 00:00:00 UTC,610.684924475146,4399053.41103265
2016-06-16 00:00:00 UTC,661.465484835623,12911891.030315
2016-06-17 00:00:00 UTC,666.558722199018,12519295.8324332
2016-06-18 00:00:00 UTC,669.597681369328,8220109.17272061
2016-06-19 00:00:00 UTC,673.354526482565,3978641.80522914
2016-06-20 00:00:00 UTC,663.498019275735,8105743.10510071
2016-06-21 00:00:00 UTC,603.744678364261,15494533.0583603
2016-06-22 00:00:00 UTC,579.587433848023,11037687.0543296
2016-06-23 00:00:00 UTC,525.880860432649,11842933.906289
2016-06-24 00:00:00 UTC,600.187484870891,13522710.9324402
2016-06-25 00:00:00 UTC,612.60206104643,4855983.4331053
2016-06-26 00:00:00 UTC,587.356003402098,4065964.05652381
2016-06-27 00:00:00 UTC,587.859542810595,4123953.09519171
2016-06-28 00:00:00 UTC,591.541183590425,3710560.42974091
2016-06-29 00:00:00 UTC,574.284624468219,5616991.32410822
2016-06-30 00:00:00 UTC,591.925844197217,5918486.09547266
2016-07-01 00:00:00 UTC,610.74430711342,4904625.7945068
2016-07-02 00:00:00 UTC,619.005709900092,3842204.81542015
2016-07-03 00:00:00 UTC,608.001061099065,4476001.60987261
2016-07-04 00:00:00 UTC,605.123811771224,4303409.03786053
2016-07-05 00:00:00 UTC,608.725200269693,3974537.94784296
2016-07-06 00:00:00 UTC,613.737556227425,3267971.58645887
2016-07-07 00:00:00 UTC,584.411746476058,7611143.61115598
2016-07-08 00:00:00 UTC,590.897116574615,3436800.90402151
2016-07-09 00:00:00 UTC,593.962445125859,4021454.56946951
2016-07-10 00:00:00 UTC,588.485490784994,1119879.90336411
2016-07-11 00:00:00 UTC,589.598346672459,2289392.48269447
2016-07-12 00:00:00 UTC,596.14077972331,4226920.4208994
2016-07-13 00:00:00 UTC,600.900334109335,2423263.65368707
2016-07-14 00:00:00 UTC,596.157197304506,1941683.26112723
2016-07-15 00:00:00 UTC,602.064045152878,2161100.950578
2016-07-16 00:00:00 UTC,603.50879991737,771081.291954296
2016-07-17 00:00:00 UTC,609.872556406244,3259589.2930344
2016-07-18 00:00:00 UTC,614.340531610427,2670868.12987723
2016-07-19 00:00:00 UTC,610.560724406574,1491963.34769956
2016-07-20 00:00:00 UTC,608.72746236974,2298986.76666679
2016-07-21 00:00:00 UTC,603.767526393345,1644903.16458583
2016-07-22 00:00:00 UTC,600.660266426852,2805863.47719432
2016-07-23 00:00:00 UTC,599.08848284954,1244521.53027443
2016-07-24 00:00:00 UTC,600.893674794701,1638610.28367206
2016-07-25 00:00:00 UTC,597.707339845994,2405943.26592104
2016-07-26 00:00:00 UTC,591.714531249294,3157392.88121136
2016-07-27 00:00:00 UTC,593.007726249874,2901345.38542962
2016-07-28 00:00:00 UTC,591.717585776806,1780730.85804735
2016-07-29 00:00:00 UTC,589.705989960653,1479080.75897377
2016-07-30 00:00:00 UTC,586.91384210722,935657.867300599
2016-07-31 00:00:00 UTC,568.373916236543,3150845.51713162
2016-08-01 00:00:00 UTC,551.543998354421,4315440.34400923
2016-08-02 00:00:00 UTC,521.990787204894,12521811.6138512
2016-08-03 00:00:00 UTC,493.303534422767,7852970.78562798
2016-08-04 00:00:00 UTC,520.193824090109,4599863.32170774
2016-08-05 00:00:00 UTC,521.176138947261,1853970.19729569
2016-08-06 00:00:00 UTC,523.134724020331,2466027.87543166
2016-08-07 00:00:00 UTC,537.901201145567,2264869.59698998
2016-08-08 00:00:00 UTC,538.347189422963,1803277.84142355
2016-08-09 00:00:00 UTC,533.741130022162,2517349.49729198
2016-08-10 00:00:00 UTC,531.905450914709,2909239.24999276
2016-08-11 00:00:00 UTC,533.26634620061,2034341.78202862
2016-08-12 00:00:00 UTC,526.546323140895,2002918.60693204
2016-08-13 00:00:00 UTC,526.696279445519,808687.967829688
2016-08-14 00:00:00 UTC,516.421045503949,2152408.88731843
2016-08-15 00:00:00 UTC,509.468978083218,2012264.06389839
2016-08-16 00:00:00 UTC,510.375585766975,2639134.59415605
2016-08-17 00:00:00 UTC,512.352684936269,1461729.45366365
2016-08-18 00:00:00 UTC,508.341086403045,1803146.41752289
2016-08-19 00:00:00 UTC,509.176140337263,1626693.09801011
2016-08-20 00:00:00 UTC,512.795441128363,1015408.85007226
2016-08-21 00:00:00 UTC,515.420000718736,701280.787883962
2016-08-22 00:00:00 UTC,517.05693328045,1819195.36331281
2016-08-23 00:00:00 UTC,516.809504290988,2097738.42755486
2016-08-24 00:00:00 UTC,515.401353892998,1573260.05459295
2016-08-25 00:00:00 UTC,510.606259077426,1857972.80975623
2016-08-26 00:00:00 UTC,512.662326719182,1668135.36812599
2016-08-27 00:00:00 UTC,511.221885789125,1061168.95234115
2016-08-28 00:00:00 UTC,510.710697998725,856328.555774675
2016-08-29 00:00:00 UTC,513.417223918202,1565007.40199818
2016-08-30 00:00:00 UTC,515.953408292174,1863598.26807339
2016-08-31 00:00:00 UTC,514.412698164732,1455881.98966255
2016-09-01 00:00:00 UTC,511.853050492476,1983234.96973331
2016-09-02 00:00:00 UTC,511.072467021799,1630421.55058697
2016-09-03 00:00:00 UTC,516.935278499144,2889330.85244178
2016-09-04 00:00:00 UTC,537.974909441623,2537942.91053107
2016-09-05 00:00:00 UTC,540.874604249004,2014221.40945009
2016-09-06 00:00:00 UTC,542.819867158447,1943924.69006178
2016-09-07 00:00:00 UTC,543.885513087504,1660102.47351535
2016-09-08 00:00:00 UTC,551.970217089242,2607922.67129503
2016-09-09 00:00:00 UTC,553.720773186174,1775849.42344411
2016-09-10 00:00:00 UTC,556.151801670345,872254.416487801
2016-09-11 00:00:00 UTC,551.973005201033,2757950.78054298
2016-09-12 00:00:00 UTC,540.715161472741,1534003.65981544
2016-09-13 00:00:00 UTC,543.016816135293,2241283.18115556
2016-09-14 00:00:00 UTC,544.586615932372,1465068.84595975
2016-09-15 00:00:00 UTC,542.678882817948,1603767.28738549
2016-09-16 00:00:00 UTC,543.332106593351,2046418.07661372
2016-09-17 00:00:00 UTC,543.706540951115,838377.70304997
2016-09-18 00:00:00 UTC,544.130500055815,1207587.18735936
2016-09-19 00:00:00 UTC,544.703112464765,1553707.6065179
2016-09-20 00:00:00 UTC,543.965379704085,2186454.58289066
2016-09-21 00:00:00 UTC,535.447250462227,2816673.84100897
2016-09-22 00:00:00 UTC,532.079971389496,2030806.18694736
2016-09-23 00:00:00 UTC,534.593309325356,1843178.62014647
2016-09-24 00:00:00 UTC,538.517583595156,791676.450935216
2016-09-25 00:00:00 UTC,536.623815761528,674445.520379065
2016-09-26 00:00:00 UTC,539.2247033522,1737667.31153523
2016-09-27 00:00:00 UTC,541.710112064922,1813724.45418672
2016-09-28 00:00:00 UTC,542.085305908346,1662108.65442604
2016-09-29 00:00:00 UTC,541.953359825834,1954028.69158485
2016-09-30 00:00:00 UTC,543.169469865305,1941878.11446407
2016-10-01 00:00:00 UTC,549.06178759945,1738614.94991536
2016-10-02 00:00:00 UTC,547.73221838817,755619.659362495
2016-10-03 00:00:00 UTC,546.946444861394,1285539.681727
2016-10-04 00:00:00 UTC,546.581756619168,1830778.72196705
2016-10-05 00:00:00 UTC,548.432781827525,2011459.24953632
2016-10-06 00:00:00 UTC,550.576679305583,1619855.27616843
2016-10-07 00:00:00 UTC,555.653172636609,1986947.04666892
2016-10-08 00:00:00 UTC,556.107496836772,964634.849507563
2016-10-09 00:00:00 UTC,554.088278585628,766539.234794397
2016-10-10 00:00:00 UTC,555.97324668349,1718074.89492339
2016-10-11 00:00:00 UTC,573.139436719654,3891241.49162914
2016-10-12 00:00:00 UTC,580.194435519773,2540374.96895689
2016-10-13 00:00:00 UTC,577.379427565939,1850256.3106302
2016-10-14 00:00:00 UTC,580.373329695433,2770295.2387461
2016-10-15 00:00:00 UTC,584.484906213074,1268597.48650511
2016-10-16 00:00:00 UTC,584.578560113974,1140915.53132833
2016-10-17 00:00:00 UTC,582.839983706381,1774830.05545909
2016-10-18 00:00:00 UTC,581.575725413028,2602917.3139354
2016-10-19 00:00:00 UTC,578.801525134704,2624617.28727371
2016-10-20 00:00:00 UTC,578.055982395392,1988366.84572342
2016-10-21 00:00:00 UTC,582.307361491683,1556139.9228054
2016-10-22 00:00:00 UTC,591.19636524328,3621470.04159959
2016-10-23 00:00:00 UTC,601.46216476168,1489030.20159505
2016-10-24 00:00:00 UTC,599.386833620717,2527031.42807889
2016-10-25 00:00:00 UTC,604.417941863208,3205880.75629695
2016-10-26 00:00:00 UTC,613.172947662322,3624878.92914958
2016-10-27 00:00:00 UTC,628.494892266501,4039964.04141932
2016-10-28 00:00:00 UTC,629.840114854647,2737208.74768933
2016-10-29 00:00:00 UTC,641.334289119078,4623220.94832912
2016-10-30 00:00:00 UTC,635.074690771397,2580576.52623309
2016-10-31 00:00:00 UTC,635.796224704625,3725833.58011937
2016-11-01 00:00:00 UTC,654.292760803673,4728816.83791545
2016-11-02 00:00:00 UTC,656.102152816956,3141082.67263584
2016-11-03 00:00:00 UTC,652.721637710691,9798738.26157846
2016-11-04 00:00:00 UTC,630.125157693506,4225546.374
2016-11-05 00:00:00 UTC,629.629209473469,1627230.94517773
2016-11-06 00:00:00 UTC,636.468205640054,2270249.29285485
2016-11-07 00:00:00 UTC,635.659760420072,1930974.11169637
2016-11-08 00:00:00 UTC,639.248958638841,3332724.15216507
2016-11-09 00:00:00 UTC,658.336317400732,6803247.14387164
2016-11-10 00:00:00 UTC,655.628112685415,2718657.44688918
2016-11-11 00:00:00 UTC,659.281434097879,2440458.76649351
2016-11-12 00:00:00 UTC,653.453792389629,2462595.04887134
2016-11-13 00:00:00 UTC,639.929345557866,3032626.06979078
2016-11-14 00:00:00 UTC,652.234933358901,3038345.74985802
2016-11-15 00:00:00 UTC,660.536464502014,3560304.81114755
2016-11-16 00:00:00 UTC,675.300251147758,6296093.07970332
2016-11-17 00:00:00 UTC,694.072676937066,4096307.24214949
2016-11-18 00:00:00 UTC,699.645752714772,3704381.67692745
2016-11-19 00:00:00 UTC,705.769641716428,1769756.14019027
2016-11-20 00:00:00 UTC,698.465210456077,4246304.14321394
2016-11-21 00:00:00 UTC,693.235724238688,2789340.15842138
2016-11-22 00:00:00 UTC,700.206801325622,4314266.31953483
2016-11-23 00:00:00 UTC,701.748252680523,3947987.91125918
2016-11-24 00:00:00 UTC,700.854470214875,3345158.49240797
2016-11-25 00:00:00 UTC,697.129879526241,2667504.73881948
2016-11-26 00:00:00 UTC,696.632472497964,2017303.67395144
2016-11-27 00:00:00 UTC,694.482333034089,1270863.25916891
2016-11-28 00:00:00 UTC,693.772593187565,2496480.21737477
2016-11-29 00:00:00 UTC,693.639524243792,2533784.17276608
2016-11-30 00:00:00 UTC,698.532900168196,3387354.30569199
2016-12-01 00:00:00 UTC,707.062700129244,3433623.89613828
2016-12-02 00:00:00 UTC,723.09437752317,5418547.06576247
2016-12-03 00:00:00 UTC,722.495339813128,2257951.79000326
2016-12-04 00:00:00 UTC,724.963459747685,2157268.48980747
2016-12-05 00:00:00 UTC,714.826469389792,5206062.5739027
2016-12-06 00:00:00 UTC,713.740511348568,3827852.23511068
2016-12-07 00:00:00 UTC,718.320090447644,3016953.42828558
2016-12-08 00:00:00 UTC,722.79138321948,3820645.03009502
2016-12-09 00:00:00 UTC,730.682905215467,2517287.63679835
2016-12-10 00:00:00 UTC,735.894526454712,1876102.93884327
2016-12-11 00:00:00 UTC,728.815359672972,2202425.32014754
2016-12-12 00:00:00 UTC,736.16314894214,3247815.50689303
2016-12-13 00:00:00 UTC,737.426839026033,3137433.77800052
2016-12-14 00:00:00 UTC,737.605729373,2790673.6951289
2016-12-15 00:00:00 UTC,745.451233834497,2997507.91172773
2016-12-16 00:00:00 UTC,750.744105124843,2974991.93131494
2016-12-17 00:00:00 UTC,759.091641336807,2455770.06151907
2016-12-18 00:00:00 UTC,758.280659083739,1438370.65615417
2016-12-19 00:00:00 UTC,761.70651299088,2947789.27558
2016-12-20 00:00:00 UTC,767.869547342168,3696185.68716737
2016-12-21 00:00:00 UTC,785.748558408426,6869703.28194822
2016-12-22 00:00:00 UTC,821.917958859988,9956479.01506688
2016-12-23 00:00:00 UTC,864.073520043981,14580204.0952327
2016-12-24 00:00:00 UTC,865.025477754944,5730768.9195282
2016-12-25 00:00:00 UTC,838.828983777954,6670278.81417835
2016-12-26 00:00:00 UTC,862.267204923926,4200869.20165576
2016-12-27 00:00:00 UTC,879.202086981042,7079069.82167634
2016-12-28 00:00:00 UTC,919.317762830002,12724309.895089
2016-12-29 00:00:00 UTC,929.196709778314,8115573.98120143
2016-12-30 00:00:00 UTC,908.816306233769,9042640.41907589
2016-12-31 00:00:00 UTC,910.04396882625,3309895.39779295
2017-01-01 00:00:00 UTC,927.323572292242,6102954.91345869
2017-01-02 00:00:00 UTC,964.707319844075,10023552.4983443
2017-01-03 00:00:00 UTC,977.61812238797,7804395.9670576
2017-01-04 00:00:00 UTC,1035.54511554935,22432290.9277122
2017-01-05 00:00:00 UTC,997.029192425159,32088406.9514609
2017-01-06 00:00:00 UTC,888.14966472443,21169369.0704965
2017-01-07 00:00:00 UTC,829.179391794455,15789764.046351
2017-01-08 00:00:00 UTC,872.032058968109,7150508.71304978
2017-01-09 00:00:00 UTC,852.845978074684,6349264.98178467
2017-01-10 00:00:00 UTC,863.988943095509,4593609.60435748
2017-01-11 00:00:00 UTC,813.595344823492,19717573.2106407
2017-01-12 00:00:00 UTC,746.552542526436,13771488.7214387
2017-01-13 00:00:00 UTC,767.273124632116,8562309.3785855
2017-01-14 00:00:00 UTC,784.162886465481,4385234.26736601
2017-01-15 00:00:00 UTC,774.740563508346,2526184.00691896
2017-01-16 00:00:00 UTC,787.267895947859,5221459.98831204
2017-01-17 00:00:00 UTC,831.223719169072,10479715.7572585
2017-01-18 00:00:00 UTC,834.723433932691,9869861.13885407
2017-01-19 00:00:00 UTC,844.402576101913,6196462.0982322
2017-01-20 00:00:00 UTC,842.920088579255,3858282.67365176
2017-01-21 00:00:00 UTC,861.021964212562,4492513.82844062
2017-01-22 00:00:00 UTC,866.565032374321,7672000.60997062
2017-01-23 00:00:00 UTC,862.350652870672,3828826.74733294
2017-01-24 00:00:00 UTC,848.593694199301,8713667.20105129
2017-01-25 00:00:00 UTC,837.623430781236,3655562.48168728
2017-01-26 00:00:00 UTC,848.411433540722,4244012.51208703
2017-01-27 00:00:00 UTC,860.641837773359,3561516.50043454
2017-01-28 00:00:00 UTC,862.686716270024,1346689.06849258
2017-01-29 00:00:00 UTC,860.588723162989,1706880.9836794
2017-01-30 00:00:00 UTC,859.331306192932,3856190.55294977
2017-01-31 00:00:00 UTC,878.993619969142,7427361.93755894
2017-02-01 00:00:00 UTC,907.750438171175,6567587.95797902
2017-02-02 00:00:00 UTC,924.24531127104,6656833.51903318
2017-02-03 00:00:00 UTC,943.619467614578,9542653.74055962
2017-02-04 00:00:00 UTC,946.434621772787,6142298.88940895
2017-02-05 00:00:00 UTC,949.254939521104,4616961.96800175
2017-02-06 00:00:00 UTC,952.3783985802,4257742.77758034
2017-02-07 00:00:00 UTC,975.720541238244,8267309.56669087
2017-02-08 00:00:00 UTC,988.191197060017,10805039.8869541
2017-02-09 00:00:00 UTC,959.8678683373,22483319.2094866
2017-02-10 00:00:00 UTC,918.953680549352,10244509.5791431
2017-02-11 00:00:00 UTC,949.042075890451,3642199.26060836
2017-02-12 00:00:00 UTC,946.014889179334,2244125.20120942
2017-02-13 00:00:00 UTC,943.437818945962,4710475.59484783
2017-02-14 00:00:00 UTC,951.619054199185,6829921.65461158
2017-02-15 00:00:00 UTC,958.817518786943,3716358.12032682
2017-02-16 00:00:00 UTC,972.692047084007,6051832.8096935
2017-02-17 00:00:00 UTC,988.452605626669,6471392.92243667
2017-02-18 00:00:00 UTC,999.191788851815,5373936.45970807
2017-02-19 00:00:00 UTC,992.532181892224,3301295.34158409
2017-02-20 00:00:00 UTC,997.141998859018,6394982.21027366
2017-02-21 00:00:00 UTC,1040.76708173014,12159648.91293
2017-02-22 00:00:00 UTC,1061.03785835379,8621802.40163124
2017-02-23 00:00:00 UTC,1083.96347780225,11960375.0645994
2017-02-24 00:00:00 UTC,1119.42481769007,19151179.2401406
2017-02-25 00:00:00 UTC,1105.96562357393,8695587.22696808
2017-02-26 00:00:00 UTC,1099.79642207686,6456644.93623957
2017-02-27 00:00:00 UTC,1117.55837049194,6350122.39912477
2017-02-28 00:00:00 UTC,1119.7212671973,8209066.36390912
2017-03-01 00:00:00 UTC,1137.58767452111,9314545.32828466
2017-03-02 00:00:00 UTC,1171.96205891402,12543229.844328
2017-03-03 00:00:00 UTC,1201.39760154884,13285930.506804
2017-03-04 00:00:00 UTC,1195.51628394897,8532936.92432216
2017-03-05 00:00:00 UTC,1183.9558929352,4434647.72691724
2017-03-06 00:00:00 UTC,1201.16502883838,5774250.24711021
2017-03-07 00:00:00 UTC,1183.0096506743,16755281.2686806
2017-03-08 00:00:00 UTC,1129.63291779493,20689354.0670642
2017-03-09 00:00:00 UTC,1108.26161062618,13116778.017874
2017-03-10 00:00:00 UTC,1133.12383770294,34686636.2641978
2017-03-11 00:00:00 UTC,1094.61324734999,13442331.9917867
2017-03-12 00:00:00 UTC,1121.93187224874,8943961.34949267
2017-03-13 00:00:00 UTC,1146.45904625509,13603975.5559037
2017-03-14 00:00:00 UTC,1159.71239621986,8505719.40708735
2017-03-15 00:00:00 UTC,1168.08619979189,8162738.31661752
2017-03-16 00:00:00 UTC,1123.83315286612,26414975.8591215
2017-03-17 00:00:00 UTC,1031.57128972765,27746401.6159672
2017-03-18 00:00:00 UTC,949.242602507049,32500420.9549859
2017-03-19 00:00:00 UTC,926.849379327403,17557406.0792203
2017-03-20 00:00:00 UTC,954.704513077539,13506084.5808105
2017-03-21 00:00:00 UTC,1000.24378160974,15535855.4244244
2017-03-22 00:00:00 UTC,973.715075950175,20276035.292062
2017-03-23 00:00:00 UTC,957.833543496931,9093571.46265507
2017-03-24 00:00:00 UTC,913.088122385277,20282177.3669356
2017-03-25 00:00:00 UTC,852.585336928169,18753762.1688867
2017-03-26 00:00:00 UTC,885.679608601222,11859861.4872615
2017-03-27 00:00:00 UTC,915.702578058667,13387461.9525283
2017-03-28 00:00:00 UTC,955.542445020798,13835185.6065214
2017-03-29 00:00:00 UTC,951.276375080593,11016209.2376172
2017-03-30 00:00:00 UTC,961.624629845247,8605172.14150199
2017-03-31 00:00:00 UTC,986.700249417549,14087159.4857799
2017-04-01 00:00:00 UTC,1013.40444214186,8343433.69007446
2017-04-02 00:00:00 UTC,1021.23161935764,8198799.33560339
2017-04-03 00:00:00 UTC,1062.83739012414,13248339.5020211
2017-04-04 00:00:00 UTC,1070.83617498427,11300932.5183419
2017-04-05 00:00:00 UTC,1057.61162180535,9454493.6287935
2017-04-06 00:00:00 UTC,1093.63074106827,16796033.471902
2017-04-07 00:00:00 UTC,1122.69096814749,10942582.402327
2017-04-08 00:00:00 UTC,1118.91057168083,5508678.92505209
2017-04-09 00:00:00 UTC,1122.31055813133,7182295.04701823
2017-04-10 00:00:00 UTC,1137.23947892157,6293439.53423603
2017-04-11 00:00:00 UTC,1143.94550960819,7167325.64469009
2017-04-12 00:00:00 UTC,1145.8922859225,6965089.13891701
2017-04-13 00:00:00 UTC,1113.56619512042,14219559.569299
2017-04-14 00:00:00 UTC,1109.55214428081,7334906.35276943
2017-04-15 00:00:00 UTC,1109.5622021327,5177847.17361564
2017-04-16 00:00:00 UTC,1106.92723337301,2808870.44230696
2017-04-17 00:00:00 UTC,1113.65516097284,5786328.07203479
2017-04-18 00:00:00 UTC,1124.64408217543,6203608.39559498
2017-04-19 00:00:00 UTC,1123.13437917086,6762767.41905718
2017-04-20 00:00:00 UTC,1139.07241860709,10767175.2402674
2017-04-21 00:00:00 UTC,1157.84462464212,7566407.67877641
2017-04-22 00:00:00 UTC,1149.89574357615,6580384.10092965
2017-04-23 00:00:00 UTC,1149.06258672766,5675339.1059458
2017-04-24 00:00:00 UTC,1148.77439966477,6070107.06359828
2017-04-25 00:00:00 UTC,1162.03978231678,7453439.60257609
2017-04-26 00:00:00 UTC,1178.57680759532,10555093.4247251
2017-04-27 00:00:00 UTC,1200.14628129031,12954172.1370738
2017-04-28 00:00:00 UTC,1207.78827982558,14275329.9524697
2017-04-29 00:00:00 UTC,1211.43659842094,7341716.3110819
2017-04-30 00:00:00 UTC,1207.42038543868,8851888.95250036
2017-05-01 00:00:00 UTC,1243.83639901014,18607380.4584533
2017-05-02 00:00:00 UTC,1299.45175428938,20298758.6264772
2017-05-03 00:00:00 UTC,1341.52335264799,17721803.3442379
2017-05-04 00:00:00 UTC,1401.751119402,38889196.6839646
2017-05-05 00:00:00 UTC,1404.99545682579,29985597.6154661
2017-05-06 00:00:00 UTC,1395.7240439689,10692967.4335316
2017-05-07 00:00:00 UTC,1401.64772969681,13476149.9975422
2017-05-08 00:00:00 UTC,1468.75722516724,27974810.9173343
2017-05-09 00:00:00 UTC,1564.51666411013,37572852.0553028
2017-05-10 00:00:00 UTC,1603.9007718202,26758223.3257833
2017-05-11 00:00:00 UTC,1681.86941226715,33358472.0096369
2017-05-12 00:00:00 UTC,1630.13839419177,40898408.4762517
2017-05-13 00:00:00 UTC,1573.89263271931,26328147.6160366
2017-05-14 00:00:00 UTC,1639.63560681321,17035496.567779
2017-05-15 00:00:00 UTC,1600.7815971741,25659740.0902714
2017-05-16 00:00:00 UTC,1592.47516778752,19873869.4293179
2017-05-17 00:00:00 UTC,1653.06501027953,26516418.8483134
2017-05-18 00:00:00 UTC,1671.22857594906,23406385.4003942
2017-05-19 00:00:00 UTC,1727.9497927555,27861748.3017506
2017-05-20 00:00:00 UTC,1769.2148741256,18774060.0109645
2017-05-21 00:00:00 UTC,1811.74049920087,22423708.6197205
2017-05-22 00:00:00 UTC,1867.23523698241,53707496.7865305
2017-05-23 00:00:00 UTC,1933.65827853151,38517542.807213
2017-05-24 00:00:00 UTC,2091.19784827576,60978109.0305454
2017-05-25 00:00:00 UTC,2229.21260241209,87540085.9515899
2017-05-26 00:00:00 UTC,2092.0744246352,79376862.2072865
2017-05-27 00:00:00 UTC,1840.51002079994,67667824.5885175
2017-05-28 00:00:00 UTC,1899.36705059872,43244029.4746051
2017-05-29 00:00:00 UTC,1980.1479254024,46090157.7413165
2017-05-30 00:00:00 UTC,2027.97557883139,50835187.1765379
2017-05-31 00:00:00 UTC,1996.81501296039,42463965.969083
2017-06-01 00:00:00 UTC,2116.69224385017,42842180.9649293
2017-06-02 00:00:00 UTC,2156.30448865006,27322330.8404148
2017-06-03 00:00:00 UTC,2244.62514947668,25821365.9860291
2017-06-04 00:00:00 UTC,2252.80380318443,22225302.7950142
2017-06-05 00:00:00 UTC,2309.12544480933,26749401.713658
2017-06-06 00:00:00 UTC,2510.69464434239,80049132.0672437
2017-06-07 00:00:00 UTC,2505.99113205823,45817120.3485845
2017-06-08 00:00:00 UTC,2465.10693084878,32965333.4614858
2017-06-09 00:00:00 UTC,2531.01095989892,23704936.2457342
2017-06-10 00:00:00 UTC,2550.76046582802,37508174.015593
2017-06-11 00:00:00 UTC,2553.35825875299,31384680.4712431
2017-06-12 00:00:00 UTC,2461.93425575379,67356980.5858223
2017-06-13 00:00:00 UTC,2406.46998194353,43520143.3769614
2017-06-14 00:00:00 UTC,2364.89099160765,55008223.340351
2017-06-15 00:00:00 UTC,2112.79603408412,81107294.9892687
2017-06-16 00:00:00 UTC,2200.66454878562,38316117.9638643
2017-06-17 00:00:00 UTC,2277.44582327076,28506183.3031805
2017-06-18 00:00:00 UTC,2285.47150463422,28597370.0734723
2017-06-19 00:00:00 UTC,2265.02540506326,30350231.4494374
2017-06-20 00:00:00 UTC,2362.77392796821,47320937.1597159
2017-06-21 00:00:00 UTC,2417.9865157789,36966261.0456685
2017-06-22 00:00:00 UTC,2385.75575012017,26932572.7823257
2017-06-23 00:00:00 UTC,2413.75532626988,16661391.4847701
2017-06-24 00:00:00 UTC,2365.42667798255,24046193.9030742
2017-06-25 00:00:00 UTC,2278.48022244984,28876335.1097501
2017-06-26 00:00:00 UTC,2157.75026107842,57459773.1796203
2017-06-27 00:00:00 UTC,2098.11389351505,49626779.8098221
2017-06-28 00:00:00 UTC,2219.63966751939,30839048.8068712
2017-06-29 00:00:00 UTC,2236.06351535015,18640522.5325061
2017-06-30 00:00:00 UTC,2201.32450143369,19108285.5538051
2017-07-01 00:00:00 UTC,2138.60299470353,19039494.494411
2017-07-02 00:00:00 UTC,2133.35656692569,20819233.1921949
2017-07-03 00:00:00 UTC,2218.47717949256,25073957.9047936
2017-07-04 00:00:00 UTC,2290.94062136065,24123572.9322259
2017-07-05 00:00:00 UTC,2269.70116053375,21011829.5931774
2017-07-06 00:00:00 UTC,2283.7334066569,13119456.3784102
2017-07-07 00:00:00 UTC,2234.35315043281,19217743.8536069
2017-07-08 00:00:00 UTC,2214.16733674757,13950553.1649984
2017-07-09 00:00:00 UTC,2233.27915985619,9757109.41575288
2017-07-10 00:00:00 UTC,2148.57994783085,34559206.3173351
2017-07-11 00:00:00 UTC,2048.60141576537,35380287.8728388
2017-07-12 00:00:00 UTC,2054.59505144835,29221247.2957052
2017-07-13 00:00:00 UTC,2077.81419695184,19960206.0027938
2017-07-14 00:00:00 UTC,1996.8943260177,31264379.1468743
2017-07-15 00:00:00 UTC,1807.14344295134,37733414.0762408
2017-07-16 00:00:00 UTC,1686.55882020371,39311644.2790042
2017-07-17 00:00:00 UTC,1795.42863716652,40053566.8456388
2017-07-18 00:00:00 UTC,1979.13467233707,42336880.219539
2017-07-19 00:00:00 UTC,2012.30629767266,31079863.5992211
2017-07-20 00:00:00 UTC,2157.03687627417,52886031.7437148
2017-07-21 00:00:00 UTC,2338.07886821834,45569175.0479525
2017-07-22 00:00:00 UTC,2385.18906231723,27612062.6917462
2017-07-23 00:00:00 UTC,2376.37993069556,29113128.9516115
2017-07-24 00:00:00 UTC,2374.84848610922,17058232.7478267
2017-07-25 00:00:00 UTC,2268.52325570314,38914574.1983247
2017-07-26 00:00:00 UTC,2170.41553903859,24221127.6050605
2017-07-27 00:00:00 UTC,2216.7284198727,22158080.3911151
2017-07-28 00:00:00 UTC,2356.96292456359,32934212.4727144
2017-07-29 00:00:00 UTC,2342.78546614254,19669314.6457064
2017-07-30 00:00:00 UTC,2342.51079833996,17301795.0947465
2017-07-31 00:00:00 UTC,2405.63141385038,29999361.1795209
2017-08-01 00:00:00 UTC,2383.39164638812,50078829.0334389
2017-08-02 00:00:00 UTC,2303.23043477211,23440327.6243949
2017-08-03 00:00:00 UTC,2328.19554988083,20386144.227067
2017-08-04 00:00:00 UTC,2400.03356553851,21269586.9063666
2017-08-05 00:00:00 UTC,2662.80766714775,46510119.92584
2017-08-06 00:00:00 UTC,2739.98152294668,21300932.9583546
2017-08-07 00:00:00 UTC,2808.56705940179,31134172.9787141
2017-08-08 00:00:00 UTC,2912.62704193552,35713167.4446772
2017-08-09 00:00:00 UTC,2873.13363020031,28013892.3517268
2017-08-10 00:00:00 UTC,2915.15790166346,24304923.9142274
2017-08-11 00:00:00 UTC,3005.82509884602,32234444.0725307
2017-08-12 00:00:00 UTC,3208.72550354269,35374767.380487
2017-08-13 00:00:00 UTC,3423.68070814348,58711157.8894005
2017-08-14 00:00:00 UTC,3574.81987687745,49225718.8643789
2017-08-15 00:00:00 UTC,3560.79552692349,73338230.8180539
2017-08-16 00:00:00 UTC,3571.92329921494,46414517.2883826
2017-08-17 00:00:00 UTC,3727.97060209177,47180543.8119882
2017-08-18 00:00:00 UTC,3610.18989311487,49864719.0927212
2017-08-19 00:00:00 UTC,3501.79747088276,25908335.2850615
2017-08-20 00:00:00 UTC,3506.72941662949,23708740.3644925
2017-08-21 00:00:00 UTC,3453.77328999042,26457427.1823763
2017-08-22 00:00:00 UTC,3366.19428260595,49555502.6081054
2017-08-23 00:00:00 UTC,3553.33663278383,30167043.4763719
2017-08-24 00:00:00 UTC,3590.83587990843,28248911.383806
2017-08-25 00:00:00 UTC,3711.00535967242,26377960.470927
2017-08-26 00:00:00 UTC,3641.81566780804,12692826.6039299
2017-08-27 00:00:00 UTC,3654.55677797918,12613073.338562
2017-08-28 00:00:00 UTC,3614.0740508602,27364339.2706057
2017-08-29 00:00:00 UTC,3723.56711135695,38285953.0925876
2017-08-30 00:00:00 UTC,3826.90029981993,25426255.2594088
2017-08-31 00:00:00 UTC,3927.95701315837,28756543.921732
2017-09-01 00:00:00 UTC,4050.02237491221,34173452.9139378
2017-09-02 00:00:00 UTC,3954.83262437974,45419147.7396407
