Time,ma5
2013-09-19 00:00:00 UTC,0.282842712464844
2013-09-21 00:00:00 UTC,0.282901631900228
2013-09-25 00:00:00 UTC,0.608111831817765
2013-10-02 00:00:00 UTC,2.82318931352818
2013-10-03 00:00:00 UTC,2.98825119240021
2013-10-04 00:00:00 UTC,0.155836815355619
2013-10-06 00:00:00 UTC,0.414038036608136
2013-10-07 00:00:00 UTC,1.14437278015607
2013-10-08 00:00:00 UTC,0.65494861067388
2013-10-09 00:00:00 UTC,1.26117327714645
2013-10-10 00:00:00 UTC,0.430383213413459
2013-10-11 00:00:00 UTC,0.194506370073562
2013-10-13 00:00:00 UTC,0.109601551174396
2013-10-14 00:00:00 UTC,4.15033052027497
2013-10-15 00:00:00 UTC,0.707106781186548
2013-10-16 00:00:00 UTC,1.77502893960835
2013-10-17 00:00:00 UTC,0.353503893345152
2013-10-18 00:00:00 UTC,0.864681371726223
2013-10-19 00:00:00 UTC,0.441234631450515
2013-10-21 00:00:00 UTC,0.437447950891991
2013-10-22 00:00:00 UTC,0.733768828282771
2013-10-23 00:00:00 UTC,0.317827246624935
2013-10-24 00:00:00 UTC,3.99934964715697
2013-10-25 00:00:00 UTC,1.07688399281066
2013-10-26 00:00:00 UTC,0.322589088066285
2013-10-27 00:00:00 UTC,0.43431973483866
2013-10-29 00:00:00 UTC,1.27338011456717
2013-10-30 00:00:00 UTC,0.569154761892666
2013-10-31 00:00:00 UTC,0.481183543267042
2013-11-01 00:00:00 UTC,1.29045772962526
2013-11-02 00:00:00 UTC,1.52116027144739
2013-11-03 00:00:00 UTC,1.94245725381292
2013-11-04 00:00:00 UTC,1.30866094368544
2013-11-05 00:00:00 UTC,1.56569402840321
2013-11-06 00:00:00 UTC,4.28803902914988
2013-11-07 00:00:00 UTC,3.91526002512858
2013-11-08 00:00:00 UTC,3.71040487515121
2013-11-09 00:00:00 UTC,3.68212827587693
2013-11-10 00:00:00 UTC,6.39079384222662
2013-11-11 00:00:00 UTC,3.5455109199576
2013-11-12 00:00:00 UTC,2.12125948041341
2013-11-13 00:00:00 UTC,2.49914656661578
2013-11-14 00:00:00 UTC,1.76375014000019
2013-11-15 00:00:00 UTC,2.82803969630158
2013-11-16 00:00:00 UTC,1.23602333831678
2013-11-17 00:00:00 UTC,2.1995983459089
2013-11-18 00:00:00 UTC,7.65289736305758
2013-11-19 00:00:00 UTC,13.1375871127344
2013-11-20 00:00:00 UTC,7.53924127455511
2013-11-21 00:00:00 UTC,5.83838353922711
2013-11-22 00:00:00 UTC,5.32786538765626
2013-11-23 00:00:00 UTC,6.48699428569367
2013-11-24 00:00:00 UTC,5.70897080101195
2013-11-25 00:00:00 UTC,5.02724773893437
2013-11-26 00:00:00 UTC,3.15196879245609
2013-11-27 00:00:00 UTC,4.92760606143704
2013-11-28 00:00:00 UTC,7.08577485813483
2013-11-29 00:00:00 UTC,6.24401749934824
2013-11-30 00:00:00 UTC,3.51506965466442
2013-12-01 00:00:00 UTC,10.6528644608304
2013-12-02 00:00:00 UTC,6.79743735811539
2013-12-03 00:00:00 UTC,4.92055832907109
2013-12-04 00:00:00 UTC,3.27216013608277
2013-12-05 00:00:00 UTC,8.30282217258589
2013-12-06 00:00:00 UTC,10.0313234532225
2013-12-07 00:00:00 UTC,16.9174969314896
2013-12-08 00:00:00 UTC,5.1596051468547
2013-12-09 00:00:00 UTC,6.29145733188707
2013-12-10 00:00:00 UTC,3.78272601364288
2013-12-11 00:00:00 UTC,4.90948434220045
2013-12-12 00:00:00 UTC,3.80522070298281
2013-12-13 00:00:00 UTC,3.0759072907226
2013-12-14 00:00:00 UTC,2.02419475704796
2013-12-15 00:00:00 UTC,2.33069680003123
2013-12-16 00:00:00 UTC,6.40612276373855
2013-12-17 00:00:00 UTC,5.31802231894917
2013-12-18 00:00:00 UTC,9.85313578077067
2013-12-19 00:00:00 UTC,5.60801270314905
2013-12-20 00:00:00 UTC,4.52180734440371
2013-12-21 00:00:00 UTC,3.93592765536812
2013-12-22 00:00:00 UTC,3.58565933419239
2013-12-23 00:00:00 UTC,2.40333710049996
2013-12-24 00:00:00 UTC,1.79464338451863
2013-12-25 00:00:00 UTC,1.35459190968882
2013-12-26 00:00:00 UTC,2.9348827501276
2013-12-27 00:00:00 UTC,2.5421935464624
2013-12-28 00:00:00 UTC,1.93103893008107
2013-12-29 00:00:00 UTC,1.14090951797176
2013-12-30 00:00:00 UTC,1.28296198262468
2013-12-31 00:00:00 UTC,1.13835379648794
2014-01-01 00:00:00 UTC,1.00529191690273
2014-01-02 00:00:00 UTC,1.16625597929229
2014-01-03 00:00:00 UTC,2.29889500230261
2014-01-04 00:00:00 UTC,1.73265935204206
2014-01-05 00:00:00 UTC,3.82365119615079
2014-01-06 00:00:00 UTC,5.721073388284
2014-01-07 00:00:00 UTC,4.87985844746736
2014-01-08 00:00:00 UTC,4.48035184443105
2014-01-09 00:00:00 UTC,2.88895070485639
2014-01-10 00:00:00 UTC,1.60463464448661
2014-01-11 00:00:00 UTC,2.46502858578622
2014-01-12 00:00:00 UTC,2.45436672587301
2014-01-13 00:00:00 UTC,2.31912341599777
2014-01-14 00:00:00 UTC,1.68397005777423
2014-01-15 00:00:00 UTC,1.68986100095794
2014-01-16 00:00:00 UTC,1.02858248362354
2014-01-17 00:00:00 UTC,2.45854102516578
2014-01-18 00:00:00 UTC,1.44966063121155
2014-01-19 00:00:00 UTC,1.93557853404873
2014-01-20 00:00:00 UTC,2.10427134015071
2014-01-21 00:00:00 UTC,1.45761980373449
2014-01-22 00:00:00 UTC,1.09515756241327
2014-01-23 00:00:00 UTC,0.9560920460937
2014-01-24 00:00:00 UTC,1.88335190389808
2014-01-25 00:00:00 UTC,1.72178467447713
2014-01-26 00:00:00 UTC,1.56709363423869
2014-01-27 00:00:00 UTC,2.48197731501611
2014-01-28 00:00:00 UTC,2.93569316066873
2014-01-29 00:00:00 UTC,1.70824796546536
2014-01-30 00:00:00 UTC,1.62666564627966
2014-01-31 00:00:00 UTC,1.47250921358756
2014-02-01 00:00:00 UTC,1.00670909689269
2014-02-02 00:00:00 UTC,0.917595129811159
2014-02-03 00:00:00 UTC,1.16049792375821
2014-02-04 00:00:00 UTC,1.23987948391522
2014-02-05 00:00:00 UTC,1.07466953836929
2014-02-06 00:00:00 UTC,1.73022017618188
2014-02-07 00:00:00 UTC,3.89317610380167
2014-02-08 00:00:00 UTC,2.26500722439213
2014-02-09 00:00:00 UTC,2.5436848756923
2014-02-10 00:00:00 UTC,5.05135573232924
2014-02-11 00:00:00 UTC,2.76769769408424
2014-02-12 00:00:00 UTC,2.2857188366263
2014-02-13 00:00:00 UTC,2.37602079175678
2014-02-14 00:00:00 UTC,4.43714611574889
2014-02-15 00:00:00 UTC,2.38902106294371
2014-02-16 00:00:00 UTC,2.73655318054779
2014-02-17 00:00:00 UTC,2.35172552089486
2014-02-18 00:00:00 UTC,1.57534723886219
2014-02-19 00:00:00 UTC,1.08258726357372
2014-02-20 00:00:00 UTC,2.2566435361963
2014-02-21 00:00:00 UTC,2.65650092611035
2014-02-22 00:00:00 UTC,2.16175465854009
2014-02-23 00:00:00 UTC,2.30695404509833
2014-02-24 00:00:00 UTC,2.34487170222494
2014-02-25 00:00:00 UTC,4.61284013934623
2014-02-26 00:00:00 UTC,3.21387435233676
2014-02-27 00:00:00 UTC,1.59662751470899
2014-02-28 00:00:00 UTC,1.91941981155443
2014-03-01 00:00:00 UTC,1.11850643502959
2014-03-02 00:00:00 UTC,0.887310026218533
2014-03-03 00:00:00 UTC,3.45189015396649
2014-03-04 00:00:00 UTC,2.03238102657857
2014-03-05 00:00:00 UTC,1.55612757399624
2014-03-06 00:00:00 UTC,1.10731634850737
2014-03-07 00:00:00 UTC,1.722368245465
2014-03-08 00:00:00 UTC,1.28974432440245
2014-03-09 00:00:00 UTC,1.3676525183427
2014-03-10 00:00:00 UTC,1.29253050810797
2014-03-11 00:00:00 UTC,0.885934022270957
2014-03-12 00:00:00 UTC,1.07807402411602
2014-03-13 00:00:00 UTC,0.885297247626582
2014-03-14 00:00:00 UTC,0.872847244086978
2014-03-15 00:00:00 UTC,1.00779494812781
2014-03-16 00:00:00 UTC,0.648767996236463
2014-03-17 00:00:00 UTC,1.01066408815123
2014-03-18 00:00:00 UTC,1.68071673833941
2014-03-19 00:00:00 UTC,1.06689004904463
2014-03-20 00:00:00 UTC,1.28927270356418
2014-03-21 00:00:00 UTC,1.74508147036261
2014-03-22 00:00:00 UTC,1.22303157751761
2014-03-23 00:00:00 UTC,0.996882235224659
2014-03-24 00:00:00 UTC,1.17934344093223
2014-03-25 00:00:00 UTC,0.955506252263308
2014-03-26 00:00:00 UTC,0.878082500061145
2014-03-27 00:00:00 UTC,2.18720744349774
2014-03-28 00:00:00 UTC,2.23795118338593
2014-03-29 00:00:00 UTC,1.10759451091785
2014-03-30 00:00:00 UTC,2.02059309545962
2014-03-31 00:00:00 UTC,1.38717349661504
2014-04-01 00:00:00 UTC,1.88694347345608
2014-04-02 00:00:00 UTC,1.97683019559826
2014-04-03 00:00:00 UTC,1.80863943233101
2014-04-04 00:00:00 UTC,1.06438454000655
2014-04-05 00:00:00 UTC,0.726532319296634
2014-04-06 00:00:00 UTC,0.793711058688168
2014-04-07 00:00:00 UTC,0.82191288881186
2014-04-08 00:00:00 UTC,0.866721104818926
2014-04-09 00:00:00 UTC,0.723236377355152
2014-04-10 00:00:00 UTC,1.6710247833742
2014-04-11 00:00:00 UTC,2.36517689625074
2014-04-12 00:00:00 UTC,1.01921321123204
2014-04-13 00:00:00 UTC,1.21898185935808
2014-04-14 00:00:00 UTC,1.81519451211475
2014-04-15 00:00:00 UTC,2.3868053151941
2014-04-16 00:00:00 UTC,2.53860005425769
2014-04-17 00:00:00 UTC,1.76960740739872
2014-04-18 00:00:00 UTC,1.11583966491935
2014-04-19 00:00:00 UTC,1.07626296667796
2014-04-20 00:00:00 UTC,0.840667344823628
2014-04-21 00:00:00 UTC,0.852255425523956
2014-04-22 00:00:00 UTC,0.753233892284506
2014-04-23 00:00:00 UTC,0.720780582856993
2014-04-24 00:00:00 UTC,0.637967228810178
2014-04-25 00:00:00 UTC,1.82795733207911
2014-04-26 00:00:00 UTC,0.915517536886047
2014-04-27 00:00:00 UTC,0.946983371212857
2014-04-28 00:00:00 UTC,1.26494250387863
2014-04-29 00:00:00 UTC,1.0850260329205
2014-04-30 00:00:00 UTC,0.788361071216491
2014-05-01 00:00:00 UTC,0.771521623480424
2014-05-02 00:00:00 UTC,0.780689064509097
2014-05-03 00:00:00 UTC,0.610655995179463
2014-05-04 00:00:00 UTC,0.539828628864973
2014-05-05 00:00:00 UTC,0.623969726674737
2014-05-06 00:00:00 UTC,0.752819577807237
2014-05-07 00:00:00 UTC,0.682057304801588
2014-05-08 00:00:00 UTC,0.608307667268917
2014-05-09 00:00:00 UTC,0.75469786515365
2014-05-10 00:00:00 UTC,0.5141073395197
2014-05-11 00:00:00 UTC,0.644897737561594
2014-05-12 00:00:00 UTC,0.573755691419622
2014-05-13 00:00:00 UTC,0.545056266272943
2014-05-14 00:00:00 UTC,0.487966160611125
2014-05-15 00:00:00 UTC,0.494845082462081
2014-05-16 00:00:00 UTC,0.365568685326311
2014-05-17 00:00:00 UTC,0.222157745612605
2014-05-18 00:00:00 UTC,0.331215969854846
2014-05-19 00:00:00 UTC,0.340311933843761
2014-05-20 00:00:00 UTC,1.20323053987506
2014-05-21 00:00:00 UTC,0.792258210458795
2014-05-22 00:00:00 UTC,0.989708718319973
2014-05-23 00:00:00 UTC,1.40494127114232
2014-05-24 00:00:00 UTC,0.803126946284632
2014-05-25 00:00:00 UTC,1.74564262498883
2014-05-26 00:00:00 UTC,1.19838922690678
2014-05-27 00:00:00 UTC,1.64388370098643
2014-05-28 00:00:00 UTC,1.03047702725139
2014-05-29 00:00:00 UTC,0.753926208776179
2014-05-30 00:00:00 UTC,1.26900310701341
2014-05-31 00:00:00 UTC,0.836467912307234
2014-06-01 00:00:00 UTC,1.96221833068252
2014-06-02 00:00:00 UTC,1.67723238720484
2014-06-03 00:00:00 UTC,1.18971149991176
2014-06-04 00:00:00 UTC,1.49482020751244
2014-06-05 00:00:00 UTC,1.09935016794899
2014-06-06 00:00:00 UTC,0.856077617437252
2014-06-07 00:00:00 UTC,0.683483077234294
2014-06-08 00:00:00 UTC,0.401238908659143
2014-06-09 00:00:00 UTC,0.692192113086667
2014-06-10 00:00:00 UTC,0.681377370071805
2014-06-11 00:00:00 UTC,0.966228674538901
2014-06-12 00:00:00 UTC,1.99357156249155
2014-06-13 00:00:00 UTC,2.08371690542537
2014-06-14 00:00:00 UTC,1.57776255939792
2014-06-15 00:00:00 UTC,1.59151361502196
2014-06-16 00:00:00 UTC,1.37909516132162
2014-06-17 00:00:00 UTC,1.09927967388786
2014-06-18 00:00:00 UTC,0.809752844532316
2014-06-19 00:00:00 UTC,0.821213086751641
2014-06-20 00:00:00 UTC,0.916534607695992
2014-06-21 00:00:00 UTC,0.793390877752595
2014-06-22 00:00:00 UTC,0.777556348516687
2014-06-23 00:00:00 UTC,0.801810453759104
2014-06-24 00:00:00 UTC,0.760876601425987
2014-06-25 00:00:00 UTC,1.15504540899113
2014-06-26 00:00:00 UTC,0.876686070840506
2014-06-27 00:00:00 UTC,1.0990028642424
2014-06-28 00:00:00 UTC,0.771749114597705
2014-06-29 00:00:00 UTC,0.618419108304053
2014-06-30 00:00:00 UTC,1.64593995639586
2014-07-01 00:00:00 UTC,1.48404148047649
2014-07-02 00:00:00 UTC,0.978489578327448
2014-07-03 00:00:00 UTC,0.735871897221329
2014-07-04 00:00:00 UTC,1.00375851411103
2014-07-05 00:00:00 UTC,0.695338568813702
2014-07-06 00:00:00 UTC,0.778204927233724
2014-07-07 00:00:00 UTC,0.898738712702512
2014-07-08 00:00:00 UTC,1.2490748491354
2014-07-09 00:00:00 UTC,0.649172566495357
2014-07-10 00:00:00 UTC,0.811875512641878
2014-07-11 00:00:00 UTC,0.69978726373957
2014-07-12 00:00:00 UTC,0.692932264641195
2014-07-13 00:00:00 UTC,0.72389127063603
2014-07-14 00:00:00 UTC,0.76328772834427
2014-07-15 00:00:00 UTC,0.765842717001004
2014-07-16 00:00:00 UTC,0.657275782310016
2014-07-17 00:00:00 UTC,0.823231150029306
2014-07-18 00:00:00 UTC,0.552154138106827
2014-07-19 00:00:00 UTC,0.497591881290478
2014-07-20 00:00:00 UTC,0.363540111961258
2014-07-21 00:00:00 UTC,0.501987820220839
2014-07-22 00:00:00 UTC,0.472735297175543
2014-07-23 00:00:00 UTC,0.52496115082091
2014-07-24 00:00:00 UTC,0.865428006318048
2014-07-25 00:00:00 UTC,0.777875842913871
2014-07-26 00:00:00 UTC,0.640063484918901
2014-07-27 00:00:00 UTC,0.681141104022604
2014-07-28 00:00:00 UTC,1.08952749371532
2014-07-29 00:00:00 UTC,0.785067008027308
2014-07-30 00:00:00 UTC,0.80082826345613
2014-07-31 00:00:00 UTC,1.11203321745669
2014-08-01 00:00:00 UTC,0.872325170006534
2014-08-02 00:00:00 UTC,0.583197197062896
2014-08-03 00:00:00 UTC,0.736989075695308
2014-08-04 00:00:00 UTC,0.669247162439726
2014-08-05 00:00:00 UTC,0.668066254854237
2014-08-06 00:00:00 UTC,0.511493799103238
2014-08-07 00:00:00 UTC,0.471032778883781
2014-08-08 00:00:00 UTC,0.636324182987461
2014-08-09 00:00:00 UTC,0.379915997810296
2014-08-10 00:00:00 UTC,0.441697737053396
2014-08-11 00:00:00 UTC,0.642285435623889
2014-08-12 00:00:00 UTC,0.786210928068555
2014-08-13 00:00:00 UTC,1.55356661227727
2014-08-14 00:00:00 UTC,1.76883654830178
2014-08-15 00:00:00 UTC,1.29411837659149
2014-08-16 00:00:00 UTC,1.21001856771367
2014-08-17 00:00:00 UTC,1.40793403133523
2014-08-18 00:00:00 UTC,1.84886038778161
2014-08-19 00:00:00 UTC,1.53683129613146
2014-08-20 00:00:00 UTC,1.60584771620101
2014-08-21 00:00:00 UTC,1.59965041864704
2014-08-22 00:00:00 UTC,1.16823239165644
2014-08-23 00:00:00 UTC,0.91705593814922
2014-08-24 00:00:00 UTC,0.791839427001071
2014-08-25 00:00:00 UTC,0.872902529864635
2014-08-26 00:00:00 UTC,0.792289601498901
2014-08-27 00:00:00 UTC,0.807668621216584
2014-08-28 00:00:00 UTC,0.785229364079709
2014-08-29 00:00:00 UTC,0.650441430239772
2014-08-30 00:00:00 UTC,0.704101948586845
2014-08-31 00:00:00 UTC,0.886127358160305
2014-09-01 00:00:00 UTC,0.878097048165756
2014-09-02 00:00:00 UTC,0.861506648253731
2014-09-03 00:00:00 UTC,0.673774219854633
2014-09-04 00:00:00 UTC,0.845744208285275
2014-09-05 00:00:00 UTC,0.698331042722107
2014-09-06 00:00:00 UTC,0.687377077808932
2014-09-07 00:00:00 UTC,0.449040379004017
2014-09-08 00:00:00 UTC,1.04241769221109
2014-09-09 00:00:00 UTC,0.810930377872756
2014-09-10 00:00:00 UTC,0.880098047426621
2014-09-11 00:00:00 UTC,0.659470190839348
2014-09-12 00:00:00 UTC,0.65612217165735
2014-09-13 00:00:00 UTC,0.490198763031863
2014-09-14 00:00:00 UTC,0.535365463701901
2014-09-15 00:00:00 UTC,0.701613834572326
2014-09-16 00:00:00 UTC,0.724093291719694
2014-09-17 00:00:00 UTC,0.897107466909677
2014-09-18 00:00:00 UTC,1.41534933967444
2014-09-19 00:00:00 UTC,1.71692660119715
2014-09-20 00:00:00 UTC,1.33731540157396
2014-09-21 00:00:00 UTC,1.01590836503583
2014-09-22 00:00:00 UTC,0.756453073395996
2014-09-23 00:00:00 UTC,1.59345730898719
2014-09-24 00:00:00 UTC,1.24011312419971
2014-09-25 00:00:00 UTC,0.914913426966164
2014-09-26 00:00:00 UTC,0.874650250517748
2014-09-27 00:00:00 UTC,0.62979764474399
2014-09-28 00:00:00 UTC,0.903716696966632
2014-09-29 00:00:00 UTC,1.16871659376145
2014-09-30 00:00:00 UTC,0.819545622027975
2014-10-01 00:00:00 UTC,0.776839332967837
2014-10-02 00:00:00 UTC,0.730295035113185
2014-10-03 00:00:00 UTC,0.873672557506763
2014-10-04 00:00:00 UTC,1.38369011657589
2014-10-05 00:00:00 UTC,2.40273551008796
2014-10-06 00:00:00 UTC,1.92348945276375
2014-10-07 00:00:00 UTC,1.14677437060592
2014-10-08 00:00:00 UTC,1.45366457645153
2014-10-09 00:00:00 UTC,1.9834907024875
2014-10-10 00:00:00 UTC,1.18857194027077
2014-10-11 00:00:00 UTC,1.02519550289273
2014-10-12 00:00:00 UTC,0.814488485090263
2014-10-13 00:00:00 UTC,1.19536086224396
2014-10-14 00:00:00 UTC,1.2959763533715
2014-10-15 00:00:00 UTC,1.20757917857959
2014-10-16 00:00:00 UTC,1.17906221893092
2014-10-17 00:00:00 UTC,0.800621500326039
2014-10-18 00:00:00 UTC,0.834901654833484
2014-10-19 00:00:00 UTC,0.733802995641187
2014-10-20 00:00:00 UTC,0.821094491088673
2014-10-21 00:00:00 UTC,0.741088522732925
2014-10-22 00:00:00 UTC,0.688381745167681
2014-10-23 00:00:00 UTC,0.946595149180392
2014-10-24 00:00:00 UTC,0.938981808228742
2014-10-25 00:00:00 UTC,0.967612720443045
2014-10-26 00:00:00 UTC,0.786760617594568
2014-10-27 00:00:00 UTC,0.600935604107124
2014-10-28 00:00:00 UTC,0.644613692503556
2014-10-29 00:00:00 UTC,0.785672998789853
2014-10-30 00:00:00 UTC,0.764880635306368
2014-10-31 00:00:00 UTC,0.566158838115707
2014-11-01 00:00:00 UTC,0.678308922691861
2014-11-02 00:00:00 UTC,0.570345282759674
2014-11-03 00:00:00 UTC,0.603942969940973
2014-11-04 00:00:00 UTC,0.637991843078382
2014-11-05 00:00:00 UTC,0.81019436375295
2014-11-06 00:00:00 UTC,0.694244928144432
2014-11-07 00:00:00 UTC,0.511795054933549
2014-11-08 00:00:00 UTC,0.451098611609645
2014-11-09 00:00:00 UTC,0.61746909092591
2014-11-10 00:00:00 UTC,0.879769838934721
2014-11-11 00:00:00 UTC,0.644396885479
2014-11-12 00:00:00 UTC,1.4484184516407
2014-11-13 00:00:00 UTC,2.84397884731099
2014-11-14 00:00:00 UTC,1.46800916333633
2014-11-15 00:00:00 UTC,1.12044528348843
2014-11-16 00:00:00 UTC,1.00569400978062
2014-11-17 00:00:00 UTC,1.39781689576847
2014-11-18 00:00:00 UTC,1.07562798889857
2014-11-19 00:00:00 UTC,0.78662394357043
2014-11-20 00:00:00 UTC,0.882637678294907
2014-11-21 00:00:00 UTC,0.878454010405632
2014-11-22 00:00:00 UTC,0.626147043676334
2014-11-23 00:00:00 UTC,0.623766750339907
2014-11-24 00:00:00 UTC,0.912476993851414
2014-11-25 00:00:00 UTC,0.832925779045069
2014-11-26 00:00:00 UTC,0.718006012496515
2014-11-27 00:00:00 UTC,0.571851694931368
2014-11-28 00:00:00 UTC,0.846061166062228
2014-11-29 00:00:00 UTC,0.705373806770453
2014-11-30 00:00:00 UTC,0.522651929575691
2014-12-01 00:00:00 UTC,0.655165634861215
2014-12-02 00:00:00 UTC,0.557787283901584
2014-12-03 00:00:00 UTC,0.517858818876766
2014-12-04 00:00:00 UTC,0.580969096113114
2014-12-05 00:00:00 UTC,0.588447802113972
2014-12-06 00:00:00 UTC,0.521907951595004
2014-12-07 00:00:00 UTC,0.365324124402032
2014-12-08 00:00:00 UTC,0.50874782947322
2014-12-09 00:00:00 UTC,0.939456880057399
2014-12-10 00:00:00 UTC,0.599981155061023
2014-12-11 00:00:00 UTC,0.913823483953573
2014-12-12 00:00:00 UTC,0.582662626181556
2014-12-13 00:00:00 UTC,0.560883334655376
2014-12-14 00:00:00 UTC,0.592525096781047
2014-12-15 00:00:00 UTC,0.652599294233384
2014-12-16 00:00:00 UTC,0.742498417963499
2014-12-17 00:00:00 UTC,0.941255073637294
2014-12-18 00:00:00 UTC,1.04537960416364
2014-12-19 00:00:00 UTC,0.777317892267573
2014-12-20 00:00:00 UTC,0.646899057867387
2014-12-21 00:00:00 UTC,0.547421108695273
2014-12-22 00:00:00 UTC,0.498231438795066
2014-12-23 00:00:00 UTC,0.494900648447415
2014-12-24 00:00:00 UTC,0.522530655042244
2014-12-25 00:00:00 UTC,0.476806799341226
2014-12-26 00:00:00 UTC,0.529212589303921
2014-12-27 00:00:00 UTC,0.647788693827258
2014-12-28 00:00:00 UTC,0.650326782823896
2014-12-29 00:00:00 UTC,0.588353385646676
2014-12-30 00:00:00 UTC,0.533161865046969
2014-12-31 00:00:00 UTC,0.453199097537506
2015-01-01 00:00:00 UTC,0.479486435130316
2015-01-02 00:00:00 UTC,0.465816312500896
2015-01-03 00:00:00 UTC,0.737454955166126
2015-01-04 00:00:00 UTC,1.3905391176393
2015-01-05 00:00:00 UTC,1.08494967712748
2015-01-06 00:00:00 UTC,0.699282024259626
2015-01-07 00:00:00 UTC,0.682771410019211
2015-01-08 00:00:00 UTC,0.719416118518846
2015-01-09 00:00:00 UTC,0.692773005125977
2015-01-10 00:00:00 UTC,0.740768130260121
2015-01-11 00:00:00 UTC,0.634497013272876
2015-01-12 00:00:00 UTC,0.59438442223995
2015-01-13 00:00:00 UTC,1.42761320408105
2015-01-14 00:00:00 UTC,2.0867797502143
2015-01-15 00:00:00 UTC,2.13892559097685
2015-01-16 00:00:00 UTC,1.1916096633775
2015-01-17 00:00:00 UTC,0.7309019518708
2015-01-18 00:00:00 UTC,0.991157232572842
2015-01-19 00:00:00 UTC,0.65423766271537
2015-01-20 00:00:00 UTC,0.726178854488424
2015-01-21 00:00:00 UTC,0.658442828388134
2015-01-22 00:00:00 UTC,0.801495357327532
2015-01-23 00:00:00 UTC,0.575086266218768
2015-01-24 00:00:00 UTC,0.603444185354538
2015-01-25 00:00:00 UTC,0.860453262834393
2015-01-26 00:00:00 UTC,2.63227686872294
2015-01-27 00:00:00 UTC,1.39230062032966
2015-01-28 00:00:00 UTC,1.14420758097039
2015-01-29 00:00:00 UTC,1.08389742501067
2015-01-30 00:00:00 UTC,0.798539659356971
2015-01-31 00:00:00 UTC,0.725487362420291
2015-02-01 00:00:00 UTC,0.935379559003272
2015-02-02 00:00:00 UTC,0.866724930391321
2015-02-03 00:00:00 UTC,0.970007407537618
2015-02-04 00:00:00 UTC,0.744332505930879
2015-02-05 00:00:00 UTC,0.658752655481186
2015-02-06 00:00:00 UTC,0.660080917737789
2015-02-07 00:00:00 UTC,0.60331580993034
2015-02-08 00:00:00 UTC,0.503082036019639
2015-02-09 00:00:00 UTC,0.442367119395417
2015-02-10 00:00:00 UTC,0.477752068009425
2015-02-11 00:00:00 UTC,0.386284394095327
2015-02-12 00:00:00 UTC,0.362615876978009
2015-02-13 00:00:00 UTC,0.667448181682023
2015-02-14 00:00:00 UTC,0.805481711223246
2015-02-15 00:00:00 UTC,1.37956102115852
2015-02-16 00:00:00 UTC,0.740538694928583
2015-02-17 00:00:00 UTC,0.569688576584057
2015-02-18 00:00:00 UTC,0.557054692761951
2015-02-19 00:00:00 UTC,0.391488828293939
2015-02-20 00:00:00 UTC,0.484474142311927
2015-02-21 00:00:00 UTC,0.299671390150872
2015-02-22 00:00:00 UTC,0.431039285886353
2015-02-23 00:00:00 UTC,0.387332799151152
2015-02-24 00:00:00 UTC,0.404128334013505
2015-02-25 00:00:00 UTC,0.29146495099583
2015-02-26 00:00:00 UTC,0.340803711229523
2015-02-27 00:00:00 UTC,0.700892018976124
2015-02-28 00:00:00 UTC,0.51594130144451
2015-03-01 00:00:00 UTC,0.537229338134269
2015-03-02 00:00:00 UTC,0.769066996944601
2015-03-03 00:00:00 UTC,1.00864796485387
2015-03-04 00:00:00 UTC,1.09026878432128
2015-03-05 00:00:00 UTC,0.935980613103435
2015-03-06 00:00:00 UTC,0.65847492464724
2015-03-07 00:00:00 UTC,0.526549078042835
2015-03-08 00:00:00 UTC,0.438842036956949
2015-03-09 00:00:00 UTC,0.764203949037114
2015-03-10 00:00:00 UTC,0.770138234161078
2015-03-11 00:00:00 UTC,0.534955261087177
2015-03-12 00:00:00 UTC,0.522011530044359
2015-03-13 00:00:00 UTC,0.617153450111152
2015-03-14 00:00:00 UTC,0.513754967493689
2015-03-15 00:00:00 UTC,0.337672480264787
2015-03-16 00:00:00 UTC,0.504673357704236
2015-03-17 00:00:00 UTC,0.426608635435124
2015-03-18 00:00:00 UTC,1.14442550347016
2015-03-19 00:00:00 UTC,1.09150029063111
2015-03-20 00:00:00 UTC,0.552639533068531
2015-03-21 00:00:00 UTC,0.534021382978578
2015-03-22 00:00:00 UTC,0.498678003607055
2015-03-23 00:00:00 UTC,0.552872094731335
2015-03-24 00:00:00 UTC,0.826647506568914
2015-03-25 00:00:00 UTC,0.762041551416127
2015-03-26 00:00:00 UTC,0.605666038036557
2015-03-27 00:00:00 UTC,0.473984827174618
2015-03-28 00:00:00 UTC,0.385633536402506
2015-03-29 00:00:00 UTC,0.539164963201475
2015-03-30 00:00:00 UTC,0.543053791979407
2015-03-31 00:00:00 UTC,0.428574826716733
2015-04-01 00:00:00 UTC,0.448132887778807
2015-04-02 00:00:00 UTC,0.479229990517992
2015-04-03 00:00:00 UTC,0.446834233593366
2015-04-04 00:00:00 UTC,0.345887747192145
2015-04-05 00:00:00 UTC,0.309494664095696
2015-04-06 00:00:00 UTC,0.448786906681665
2015-04-07 00:00:00 UTC,0.501326849864248
2015-04-08 00:00:00 UTC,0.595268482263141
2015-04-09 00:00:00 UTC,0.393889596042093
2015-04-10 00:00:00 UTC,0.588166501038068
2015-04-11 00:00:00 UTC,0.522846903759344
2015-04-12 00:00:00 UTC,0.259863587841028
2015-04-13 00:00:00 UTC,0.537951983424724
2015-04-14 00:00:00 UTC,0.562869317449265
2015-04-15 00:00:00 UTC,0.507248696404812
2015-04-16 00:00:00 UTC,0.424980369633898
2015-04-17 00:00:00 UTC,0.388582840750164
2015-04-18 00:00:00 UTC,0.360153054351783
2015-04-19 00:00:00 UTC,0.397654547997182
2015-04-20 00:00:00 UTC,0.305443711388737
2015-04-21 00:00:00 UTC,0.359814526342148
2015-04-22 00:00:00 UTC,0.471062849893277
2015-04-23 00:00:00 UTC,0.425420761408956
2015-04-24 00:00:00 UTC,0.408851221797398
2015-04-25 00:00:00 UTC,0.342195782979509
2015-04-26 00:00:00 UTC,0.516007113430255
2015-04-27 00:00:00 UTC,0.696184337939592
2015-04-28 00:00:00 UTC,0.527863646087929
2015-04-29 00:00:00 UTC,0.391718448747396
2015-04-30 00:00:00 UTC,0.473692771118713
2015-05-01 00:00:00 UTC,0.356839215660798
2015-05-02 00:00:00 UTC,0.376901479222266
2015-05-03 00:00:00 UTC,0.428813994481596
2015-05-04 00:00:00 UTC,0.537423436784707
2015-05-05 00:00:00 UTC,0.393786155884664
2015-05-06 00:00:00 UTC,0.405664218567192
2015-05-07 00:00:00 UTC,0.449808471257764
2015-05-08 00:00:00 UTC,0.529890286306179
2015-05-09 00:00:00 UTC,0.480386326150056
2015-05-10 00:00:00 UTC,0.39579005802086
2015-05-11 00:00:00 UTC,0.442428987030589
2015-05-12 00:00:00 UTC,0.312279007846084
2015-05-13 00:00:00 UTC,0.423724454413047
2015-05-14 00:00:00 UTC,0.322610148843914
2015-05-15 00:00:00 UTC,0.22637969848378
2015-05-16 00:00:00 UTC,0.250073428493004
2015-05-17 00:00:00 UTC,0.226527111963007
2015-05-18 00:00:00 UTC,0.319981425920349
2015-05-19 00:00:00 UTC,0.363623311877152
2015-05-20 00:00:00 UTC,0.357132304499348
2015-05-21 00:00:00 UTC,0.437472735660849
2015-05-22 00:00:00 UTC,0.533312349450945
2015-05-23 00:00:00 UTC,0.508466063469518
2015-05-24 00:00:00 UTC,0.465714153479663
2015-05-25 00:00:00 UTC,0.431037272819503
2015-05-26 00:00:00 UTC,0.37595744996663
2015-05-27 00:00:00 UTC,0.36401873260786
2015-05-28 00:00:00 UTC,0.294283609106998
2015-05-29 00:00:00 UTC,0.317616685264601
2015-05-30 00:00:00 UTC,0.309328816577884
2015-05-31 00:00:00 UTC,0.299931782305015
2015-06-01 00:00:00 UTC,0.422891979194324
2015-06-02 00:00:00 UTC,0.384546590654965
2015-06-03 00:00:00 UTC,0.383728777281954
2015-06-04 00:00:00 UTC,0.312724469524662
2015-06-05 00:00:00 UTC,0.376997259614937
2015-06-06 00:00:00 UTC,0.195136569597049
2015-06-07 00:00:00 UTC,0.260398248687704
2015-06-08 00:00:00 UTC,0.378878578611765
2015-06-09 00:00:00 UTC,0.354635443271473
2015-06-10 00:00:00 UTC,0.264549849609422
2015-06-11 00:00:00 UTC,0.371313260637584
2015-06-12 00:00:00 UTC,0.29052216105265
2015-06-13 00:00:00 UTC,0.25291940346806
2015-06-14 00:00:00 UTC,0.262858989346246
2015-06-15 00:00:00 UTC,0.358571554435621
2015-06-16 00:00:00 UTC,0.621903670459667
2015-06-17 00:00:00 UTC,0.730890063716475
2015-06-18 00:00:00 UTC,0.509781655492991
2015-06-19 00:00:00 UTC,0.382452786303966
2015-06-20 00:00:00 UTC,0.380029986539369
2015-06-21 00:00:00 UTC,0.32049697367977
2015-06-22 00:00:00 UTC,0.273980029331429
2015-06-23 00:00:00 UTC,0.304362022362075
2015-06-24 00:00:00 UTC,0.255940117377649
2015-06-25 00:00:00 UTC,0.266815649461134
2015-06-26 00:00:00 UTC,0.195655333038241
2015-06-27 00:00:00 UTC,0.388923273952899
2015-06-28 00:00:00 UTC,0.370915646442159
2015-06-29 00:00:00 UTC,0.398663709877682
2015-06-30 00:00:00 UTC,0.617393525767606
2015-07-01 00:00:00 UTC,0.479685663020313
2015-07-02 00:00:00 UTC,0.411563763981958
2015-07-03 00:00:00 UTC,0.308385695202773
2015-07-04 00:00:00 UTC,0.321012204348819
2015-07-05 00:00:00 UTC,0.615142352908069
2015-07-06 00:00:00 UTC,0.687832513374425
2015-07-07 00:00:00 UTC,0.522442090080837
2015-07-08 00:00:00 UTC,0.590045759119983
2015-07-09 00:00:00 UTC,0.494104525534589
2015-07-10 00:00:00 UTC,1.04172942554716
2015-07-11 00:00:00 UTC,0.730963159215486
2015-07-12 00:00:00 UTC,0.975031219970177
2015-07-13 00:00:00 UTC,1.11563653275409
2015-07-14 00:00:00 UTC,0.65581463239548
2015-07-15 00:00:00 UTC,0.562046146772674
2015-07-16 00:00:00 UTC,0.681926267503412
2015-07-17 00:00:00 UTC,0.573060291587729
2015-07-18 00:00:00 UTC,0.56048049540309
2015-07-19 00:00:00 UTC,0.337040197401268
2015-07-20 00:00:00 UTC,0.324594484632756
2015-07-21 00:00:00 UTC,0.335894236986134
2015-07-22 00:00:00 UTC,0.360259574298314
2015-07-23 00:00:00 UTC,0.275769287613714
2015-07-24 00:00:00 UTC,0.439427153665623
2015-07-25 00:00:00 UTC,0.461284113852235
2015-07-26 00:00:00 UTC,0.353158351577888
2015-07-27 00:00:00 UTC,0.473595975550601
2015-07-28 00:00:00 UTC,0.465299495703643
2015-07-29 00:00:00 UTC,0.41557933337542
2015-07-30 00:00:00 UTC,0.338958370972542
2015-07-31 00:00:00 UTC,0.401441370216807
2015-08-01 00:00:00 UTC,0.405885305356252
2015-08-02 00:00:00 UTC,0.404645616696617
2015-08-03 00:00:00 UTC,0.43830004437968
2015-08-04 00:00:00 UTC,0.33608987319626
2015-08-05 00:00:00 UTC,0.261066528170155
2015-08-06 00:00:00 UTC,0.256155790269286
2015-08-07 00:00:00 UTC,0.326863597783454
2015-08-08 00:00:00 UTC,0.538752170726012
2015-08-09 00:00:00 UTC,0.443350486128505
2015-08-10 00:00:00 UTC,0.385533127954367
2015-08-11 00:00:00 UTC,0.394581299245663
2015-08-12 00:00:00 UTC,0.416833258991563
2015-08-13 00:00:00 UTC,0.267550763879759
2015-08-14 00:00:00 UTC,0.25744785862445
2015-08-15 00:00:00 UTC,0.302533657493414
2015-08-16 00:00:00 UTC,0.348045393795778
2015-08-17 00:00:00 UTC,0.33368075066397
2015-08-18 00:00:00 UTC,0.48091118542968
2015-08-19 00:00:00 UTC,1.12342993602646
2015-08-20 00:00:00 UTC,0.642358568492467
2015-08-21 00:00:00 UTC,0.444291668262493
2015-08-22 00:00:00 UTC,0.50028970740099
2015-08-23 00:00:00 UTC,0.372549284563463
2015-08-24 00:00:00 UTC,0.803779556195723
2015-08-25 00:00:00 UTC,1.02099796192503
2015-08-26 00:00:00 UTC,0.778008821162898
2015-08-27 00:00:00 UTC,0.398723137199526
2015-08-28 00:00:00 UTC,0.483260044368928
2015-08-29 00:00:00 UTC,0.379251472096928
2015-08-30 00:00:00 UTC,0.346563783815846
2015-08-31 00:00:00 UTC,0.363197882867704
2015-09-01 00:00:00 UTC,0.336130308824777
2015-09-02 00:00:00 UTC,0.261111138985149
2015-09-03 00:00:00 UTC,0.262708334219985
2015-09-04 00:00:00 UTC,0.236972552325989
2015-09-05 00:00:00 UTC,0.283181327023635
2015-09-06 00:00:00 UTC,0.417540030078208
2015-09-07 00:00:00 UTC,0.254273273149179
2015-09-08 00:00:00 UTC,0.290312284131626
2015-09-09 00:00:00 UTC,0.313949025267484
2015-09-10 00:00:00 UTC,0.335143156701825
2015-09-11 00:00:00 UTC,0.22245147934572
2015-09-12 00:00:00 UTC,0.285466658452924
2015-09-13 00:00:00 UTC,0.299960660677015
2015-09-14 00:00:00 UTC,0.3058777689605
2015-09-15 00:00:00 UTC,0.227520837601104
2015-09-16 00:00:00 UTC,0.220720107841432
2015-09-17 00:00:00 UTC,0.256968698679732
2015-09-18 00:00:00 UTC,0.213076836187546
2015-09-19 00:00:00 UTC,0.20906106777177
2015-09-20 00:00:00 UTC,0.21351082271944
2015-09-21 00:00:00 UTC,0.251164808355461
2015-09-22 00:00:00 UTC,0.338835053010824
2015-09-23 00:00:00 UTC,0.279056816816995
2015-09-24 00:00:00 UTC,0.267506000477935
2015-09-25 00:00:00 UTC,0.26624171489567
2015-09-26 00:00:00 UTC,0.244189110283296
2015-09-27 00:00:00 UTC,0.217214572995352
2015-09-28 00:00:00 UTC,0.349757889628982
2015-09-29 00:00:00 UTC,0.339882655683315
2015-09-30 00:00:00 UTC,0.206254054262187
2015-10-01 00:00:00 UTC,0.208170743898262
2015-10-02 00:00:00 UTC,0.303780784382332
2015-10-03 00:00:00 UTC,0.225380063221984
2015-10-04 00:00:00 UTC,0.248577536867381
2015-10-05 00:00:00 UTC,0.32986954250114
2015-10-06 00:00:00 UTC,0.261629265872508
2015-10-07 00:00:00 UTC,0.267234427836266
2015-10-08 00:00:00 UTC,0.209874186106773
2015-10-09 00:00:00 UTC,0.20938943855237
2015-10-10 00:00:00 UTC,0.13988179268675
2015-10-11 00:00:00 UTC,0.195958049118249
2015-10-12 00:00:00 UTC,0.177850805843479
2015-10-13 00:00:00 UTC,0.262766798196772
2015-10-14 00:00:00 UTC,0.243111760604462
2015-10-15 00:00:00 UTC,0.294583661033445
2015-10-16 00:00:00 UTC,0.519170888153108
2015-10-17 00:00:00 UTC,0.817683363339721
2015-10-18 00:00:00 UTC,0.657796672139434
2015-10-19 00:00:00 UTC,0.490132452156519
2015-10-20 00:00:00 UTC,0.439484081103219
2015-10-21 00:00:00 UTC,0.348678128296178
2015-10-22 00:00:00 UTC,0.441456788662009
2015-10-23 00:00:00 UTC,0.442698064797328
2015-10-24 00:00:00 UTC,0.398176052970276
2015-10-25 00:00:00 UTC,0.867898980605673
2015-10-26 00:00:00 UTC,0.536563143200893
2015-10-27 00:00:00 UTC,0.683043650364737
2015-10-28 00:00:00 UTC,0.750534457928734
2015-10-29 00:00:00 UTC,0.82384553133269
2015-10-30 00:00:00 UTC,1.50507818737402
2015-10-31 00:00:00 UTC,1.22072335370667
2015-11-01 00:00:00 UTC,0.989226343720872
2015-11-02 00:00:00 UTC,1.31669052185068
2015-11-03 00:00:00 UTC,2.79564539998866
2015-11-04 00:00:00 UTC,6.67679144165108
2015-11-05 00:00:00 UTC,4.71283804625103
2015-11-06 00:00:00 UTC,2.51361354407229
2015-11-07 00:00:00 UTC,1.65636531550433
2015-11-08 00:00:00 UTC,1.13420946532049
2015-11-09 00:00:00 UTC,1.25937845483026
2015-11-10 00:00:00 UTC,1.33834192739966
2015-11-11 00:00:00 UTC,2.10780894626985
2015-11-12 00:00:00 UTC,1.70454771373403
2015-11-13 00:00:00 UTC,1.21332476835302
2015-11-14 00:00:00 UTC,0.765928057959337
2015-11-15 00:00:00 UTC,0.963559633904646
2015-11-16 00:00:00 UTC,0.820939673072109
2015-11-17 00:00:00 UTC,0.728556109187833
2015-11-18 00:00:00 UTC,0.540146916804516
2015-11-19 00:00:00 UTC,0.513738434241395
2015-11-20 00:00:00 UTC,0.835096817830472
2015-11-21 00:00:00 UTC,0.469210572470993
2015-11-22 00:00:00 UTC,0.389517933748076
2015-11-23 00:00:00 UTC,0.35814667819155
2015-11-24 00:00:00 UTC,0.402184799195386
2015-11-25 00:00:00 UTC,0.508261311745644
2015-11-26 00:00:00 UTC,1.39119493842349
2015-11-27 00:00:00 UTC,1.13809678147177
2015-11-28 00:00:00 UTC,0.680007569212547
2015-11-29 00:00:00 UTC,0.62941890712297
2015-11-30 00:00:00 UTC,1.12607403899044
2015-12-01 00:00:00 UTC,1.0583515537041
2015-12-02 00:00:00 UTC,0.923625497509461
2015-12-03 00:00:00 UTC,0.98401934550223
2015-12-04 00:00:00 UTC,0.696952169528282
2015-12-05 00:00:00 UTC,0.903826744908417
2015-12-06 00:00:00 UTC,1.35080207711908
2015-12-07 00:00:00 UTC,0.950424679281362
2015-12-08 00:00:00 UTC,0.770626627568965
2015-12-09 00:00:00 UTC,1.20071897762222
2015-12-10 00:00:00 UTC,0.767884206941061
2015-12-11 00:00:00 UTC,1.08678451093304
2015-12-12 00:00:00 UTC,2.23565603153733
2015-12-13 00:00:00 UTC,1.09051576849858
2015-12-14 00:00:00 UTC,0.954735491294195
2015-12-15 00:00:00 UTC,1.11335044227366
2015-12-16 00:00:00 UTC,1.41537145061696
2015-12-17 00:00:00 UTC,0.607454534997936
2015-12-18 00:00:00 UTC,0.635638021901433
2015-12-19 00:00:00 UTC,0.60396584072554
2015-12-20 00:00:00 UTC,1.04975421580262
2015-12-21 00:00:00 UTC,1.2317089492018
2015-12-22 00:00:00 UTC,0.636765370450688
2015-12-23 00:00:00 UTC,0.479468933127069
2015-12-24 00:00:00 UTC,0.66481339967538
2015-12-25 00:00:00 UTC,0.53209613525902
2015-12-26 00:00:00 UTC,1.83665224660635
2015-12-27 00:00:00 UTC,1.07344053598249
2015-12-28 00:00:00 UTC,0.708920401673059
2015-12-29 00:00:00 UTC,0.603616120011026
2015-12-30 00:00:00 UTC,0.717767599198916
2015-12-31 00:00:00 UTC,0.631837142440047
2016-01-01 00:00:00 UTC,0.584974135983247
2016-01-02 00:00:00 UTC,0.432509559219044
2016-01-03 00:00:00 UTC,0.629911815397926
2016-01-04 00:00:00 UTC,0.515454042314472
2016-01-05 00:00:00 UTC,0.408046387819283
2016-01-06 00:00:00 UTC,0.404578250573388
2016-01-07 00:00:00 UTC,0.890394748620362
2016-01-08 00:00:00 UTC,0.804445956467634
2016-01-09 00:00:00 UTC,0.501943982132281
2016-01-10 00:00:00 UTC,0.524802066886993
2016-01-11 00:00:00 UTC,0.464786593989993
2016-01-12 00:00:00 UTC,0.650185961446629
2016-01-13 00:00:00 UTC,0.943154595732683
2016-01-14 00:00:00 UTC,0.552721403748025
2016-01-15 00:00:00 UTC,1.98923161849315
2016-01-16 00:00:00 UTC,1.74660330839952
2016-01-17 00:00:00 UTC,0.829560712727805
2016-01-18 00:00:00 UTC,0.688061586376246
2016-01-19 00:00:00 UTC,0.570576889355116
2016-01-20 00:00:00 UTC,1.3770832329874
2016-01-21 00:00:00 UTC,1.1441993507592
2016-01-22 00:00:00 UTC,1.30450852774832
2016-01-23 00:00:00 UTC,1.08103355767239
2016-01-24 00:00:00 UTC,0.830951744452425
2016-01-25 00:00:00 UTC,0.688684583914374
2016-01-26 00:00:00 UTC,0.51888523788544
2016-01-27 00:00:00 UTC,0.531107899258249
2016-01-28 00:00:00 UTC,0.772613755741795
2016-01-29 00:00:00 UTC,1.28588704859874
2016-01-30 00:00:00 UTC,0.59232019781159
2016-01-31 00:00:00 UTC,0.459631456759163
2016-02-01 00:00:00 UTC,0.647703005614388
2016-02-02 00:00:00 UTC,0.457106981734307
2016-02-03 00:00:00 UTC,0.515310016887089
2016-02-04 00:00:00 UTC,0.697033260017752
2016-02-05 00:00:00 UTC,0.477893030960445
2016-02-06 00:00:00 UTC,0.616710951465072
2016-02-07 00:00:00 UTC,0.446593876753164
2016-02-08 00:00:00 UTC,0.427464622862435
2016-02-09 00:00:00 UTC,0.38784989882196
2016-02-10 00:00:00 UTC,0.547763470404596
2016-02-11 00:00:00 UTC,0.536377117627792
2016-02-12 00:00:00 UTC,0.442737820930536
2016-02-13 00:00:00 UTC,0.511165384033241
2016-02-14 00:00:00 UTC,0.678834654406476
2016-02-15 00:00:00 UTC,0.780275969896357
2016-02-16 00:00:00 UTC,0.484861326604698
2016-02-17 00:00:00 UTC,0.652495845047955
2016-02-18 00:00:00 UTC,0.63980899473218
2016-02-19 00:00:00 UTC,0.472156679814083
2016-02-20 00:00:00 UTC,0.805074897679918
2016-02-21 00:00:00 UTC,1.17948580542167
2016-02-22 00:00:00 UTC,1.11053440754529
2016-02-23 00:00:00 UTC,0.867044845666464
2016-02-24 00:00:00 UTC,0.735048947364555
2016-02-25 00:00:00 UTC,0.614609570926012
2016-02-26 00:00:00 UTC,0.564064974779476
2016-02-27 00:00:00 UTC,0.475000531025193
2016-02-28 00:00:00 UTC,0.695972089806689
2016-02-29 00:00:00 UTC,0.704295589699076
2016-03-01 00:00:00 UTC,0.704869790148995
2016-03-02 00:00:00 UTC,0.642691488432001
2016-03-03 00:00:00 UTC,0.618036010682822
2016-03-04 00:00:00 UTC,0.616827589547715
2016-03-05 00:00:00 UTC,0.848847787387285
2016-03-06 00:00:00 UTC,0.74674715976248
2016-03-07 00:00:00 UTC,0.602107912825538
2016-03-08 00:00:00 UTC,0.452295575374527
2016-03-09 00:00:00 UTC,0.408576179962014
2016-03-10 00:00:00 UTC,0.5254886033908
2016-03-11 00:00:00 UTC,0.421130031895034
2016-03-12 00:00:00 UTC,0.615035467776637
2016-03-13 00:00:00 UTC,0.451298277672126
2016-03-14 00:00:00 UTC,0.452973407799949
2016-03-15 00:00:00 UTC,0.429585441923274
2016-03-16 00:00:00 UTC,0.364034391147609
2016-03-17 00:00:00 UTC,0.447791894120134
2016-03-18 00:00:00 UTC,0.641744746718947
2016-03-19 00:00:00 UTC,0.576003861034022
2016-03-20 00:00:00 UTC,0.442427941475228
2016-03-21 00:00:00 UTC,0.42642174406522
2016-03-22 00:00:00 UTC,0.381968305145026
2016-03-23 00:00:00 UTC,0.353813144110408
2016-03-24 00:00:00 UTC,0.366109164004758
2016-03-25 00:00:00 UTC,0.346906924170993
2016-03-26 00:00:00 UTC,0.304729833078142
2016-03-27 00:00:00 UTC,0.408199336619126
2016-03-28 00:00:00 UTC,0.440144296389723
2016-03-29 00:00:00 UTC,0.516792073696144
2016-03-30 00:00:00 UTC,0.432196533626168
2016-03-31 00:00:00 UTC,0.444762025644644
2016-04-01 00:00:00 UTC,0.371307365881632
2016-04-02 00:00:00 UTC,0.357177010006498
2016-04-03 00:00:00 UTC,0.34127298797446
2016-04-04 00:00:00 UTC,0.342129071417303
2016-04-05 00:00:00 UTC,0.282067299741709
2016-04-06 00:00:00 UTC,0.304066617004479
2016-04-07 00:00:00 UTC,0.35524239678094
2016-04-08 00:00:00 UTC,0.395846650043899
2016-04-09 00:00:00 UTC,0.359839181008924
2016-04-10 00:00:00 UTC,0.337096209667504
2016-04-11 00:00:00 UTC,0.32409590007733
2016-04-12 00:00:00 UTC,0.330828900981933
2016-04-13 00:00:00 UTC,0.342819727875805
2016-04-14 00:00:00 UTC,0.306195873352252
2016-04-15 00:00:00 UTC,0.282922825419592
2016-04-16 00:00:00 UTC,0.301891224578811
2016-04-17 00:00:00 UTC,0.419747880878205
2016-04-18 00:00:00 UTC,0.258201507732455
2016-04-19 00:00:00 UTC,0.329894827097156
2016-04-20 00:00:00 UTC,0.416135848200301
2016-04-21 00:00:00 UTC,0.60385434320443
2016-04-22 00:00:00 UTC,0.487987688958622
2016-04-23 00:00:00 UTC,0.467713416237433
2016-04-24 00:00:00 UTC,0.668051747099091
2016-04-25 00:00:00 UTC,0.692958749561546
2016-04-26 00:00:00 UTC,0.560805724250215
2016-04-27 00:00:00 UTC,0.845282881860605
2016-04-28 00:00:00 UTC,0.769852293801452
2016-04-29 00:00:00 UTC,0.475090593611282
2016-04-30 00:00:00 UTC,0.476654467873969
2016-05-01 00:00:00 UTC,0.412977166114207
2016-05-02 00:00:00 UTC,0.612008652604811
2016-05-03 00:00:00 UTC,0.469373005798053
2016-05-04 00:00:00 UTC,0.420097689049607
2016-05-05 00:00:00 UTC,0.32924345198861
2016-05-06 00:00:00 UTC,0.421683598278585
2016-05-07 00:00:00 UTC,0.386368591241585
2016-05-08 00:00:00 UTC,0.343217209251673
2016-05-09 00:00:00 UTC,0.356540088388571
2016-05-10 00:00:00 UTC,0.485362788164404
2016-05-11 00:00:00 UTC,0.416493170762285
2016-05-12 00:00:00 UTC,0.41095087862798
2016-05-13 00:00:00 UTC,0.379039149622922
2016-05-14 00:00:00 UTC,0.325353802690087
2016-05-15 00:00:00 UTC,0.288827740862124
2016-05-16 00:00:00 UTC,0.337279780886623
2016-05-17 00:00:00 UTC,0.320998988393476
2016-05-18 00:00:00 UTC,0.312080434341786
2016-05-19 00:00:00 UTC,0.557364945430581
2016-05-20 00:00:00 UTC,0.439933059186311
2016-05-21 00:00:00 UTC,0.333990711859566
2016-05-22 00:00:00 UTC,0.385652705766083
2016-05-23 00:00:00 UTC,0.427585571663369
2016-05-24 00:00:00 UTC,0.344857545656694
2016-05-25 00:00:00 UTC,0.357577306696947
2016-05-26 00:00:00 UTC,0.413310884371502
2016-05-27 00:00:00 UTC,1.14621055428878
2016-05-28 00:00:00 UTC,2.00970633402032
2016-05-29 00:00:00 UTC,2.80331167963536
2016-05-30 00:00:00 UTC,1.56524025436191
2016-05-31 00:00:00 UTC,1.57433525412077
2016-06-01 00:00:00 UTC,1.0083741696478
2016-06-02 00:00:00 UTC,0.817066140249234
2016-06-03 00:00:00 UTC,1.1689136841191
2016-06-04 00:00:00 UTC,1.31399680196274
2016-06-05 00:00:00 UTC,1.0429214566768
2016-06-06 00:00:00 UTC,0.757401563198805
2016-06-07 00:00:00 UTC,0.927128554810714
2016-06-08 00:00:00 UTC,0.607449628319457
2016-06-09 00:00:00 UTC,0.562253862124647
2016-06-10 00:00:00 UTC,0.581322381089851
2016-06-11 00:00:00 UTC,0.769950683134614
2016-06-12 00:00:00 UTC,2.49487047058958
2016-06-13 00:00:00 UTC,2.78223925280018
2016-06-14 00:00:00 UTC,1.94472338232489
2016-06-15 00:00:00 UTC,1.38659993460064
2016-06-16 00:00:00 UTC,2.44714778029103
2016-06-17 00:00:00 UTC,3.56598973993809
2016-06-18 00:00:00 UTC,2.41674087235348
2016-06-19 00:00:00 UTC,1.57388261317769
2016-06-20 00:00:00 UTC,2.4676896207868
2016-06-21 00:00:00 UTC,4.53326003936951
2016-06-22 00:00:00 UTC,3.33918851500658
2016-06-23 00:00:00 UTC,4.19761983474503
2016-06-24 00:00:00 UTC,4.35309108838862
2016-06-25 00:00:00 UTC,2.53475295158839
2016-06-26 00:00:00 UTC,2.30820821324968
2016-06-27 00:00:00 UTC,2.18167499575673
2016-06-28 00:00:00 UTC,1.66695855392089
2016-06-29 00:00:00 UTC,1.56127092246894
2016-06-30 00:00:00 UTC,1.34490353766586
2016-07-01 00:00:00 UTC,1.46829996498771
2016-07-02 00:00:00 UTC,1.10251590666601
2016-07-03 00:00:00 UTC,2.23570094342184
2016-07-04 00:00:00 UTC,1.51659203687463
2016-07-05 00:00:00 UTC,1.38229556809182
2016-07-06 00:00:00 UTC,1.23341905527492
2016-07-07 00:00:00 UTC,2.14912878589854
2016-07-08 00:00:00 UTC,1.43612572561932
2016-07-09 00:00:00 UTC,2.09189380672437
2016-07-10 00:00:00 UTC,1.12811784741598
2016-07-11 00:00:00 UTC,0.905984342590862
2016-07-12 00:00:00 UTC,1.11216243843809
2016-07-13 00:00:00 UTC,0.871968528548849
2016-07-14 00:00:00 UTC,0.895842102710677
2016-07-15 00:00:00 UTC,0.842834010747042
2016-07-16 00:00:00 UTC,0.512097060409345
2016-07-17 00:00:00 UTC,0.83606219195769
2016-07-18 00:00:00 UTC,0.792914272198955
2016-07-19 00:00:00 UTC,0.641789784264395
2016-07-20 00:00:00 UTC,0.76160377803088
2016-07-21 00:00:00 UTC,0.645273634077517
2016-07-22 00:00:00 UTC,0.806303522612191
2016-07-23 00:00:00 UTC,0.943230430213491
2016-07-24 00:00:00 UTC,0.82832154485519
2016-07-25 00:00:00 UTC,0.767069580331138
2016-07-26 00:00:00 UTC,0.91095363109204
2016-07-27 00:00:00 UTC,0.992659252309593
2016-07-28 00:00:00 UTC,0.864387472260879
2016-07-29 00:00:00 UTC,0.486676650004891
2016-07-30 00:00:00 UTC,0.51517046424415
2016-07-31 00:00:00 UTC,1.10753845852904
2016-08-01 00:00:00 UTC,1.27530511557929
2016-08-02 00:00:00 UTC,3.08641421602117
2016-08-03 00:00:00 UTC,2.17368775059424
2016-08-04 00:00:00 UTC,1.49619048239588
2016-08-05 00:00:00 UTC,0.884136122216499
2016-08-06 00:00:00 UTC,1.10820407499685
2016-08-07 00:00:00 UTC,1.03144325877324
2016-08-08 00:00:00 UTC,0.675092980113644
2016-08-09 00:00:00 UTC,0.822748857526327
2016-08-10 00:00:00 UTC,0.88264674491016
2016-08-11 00:00:00 UTC,0.730433246949541
2016-08-12 00:00:00 UTC,0.675003930281316
2016-08-13 00:00:00 UTC,0.533887946935178
2016-08-14 00:00:00 UTC,0.836639846551811
2016-08-15 00:00:00 UTC,0.657229803154294
2016-08-16 00:00:00 UTC,0.849033234338744
2016-08-17 00:00:00 UTC,0.704929856605363
2016-08-18 00:00:00 UTC,0.532141506183191
2016-08-19 00:00:00 UTC,0.514203114420142
2016-08-20 00:00:00 UTC,0.652746944096902
2016-08-21 00:00:00 UTC,0.504051736904391
2016-08-22 00:00:00 UTC,0.490653685080923
2016-08-23 00:00:00 UTC,0.551249913791637
2016-08-24 00:00:00 UTC,0.48270578018256
2016-08-25 00:00:00 UTC,0.419539304027096
2016-08-26 00:00:00 UTC,0.346491365641755
2016-08-27 00:00:00 UTC,0.506458318135895
2016-08-28 00:00:00 UTC,0.403097518620296
2016-08-29 00:00:00 UTC,0.409316809711169
2016-08-30 00:00:00 UTC,0.484338580860819
2016-08-31 00:00:00 UTC,0.532787616971861
2016-09-01 00:00:00 UTC,0.419659716167961
2016-09-02 00:00:00 UTC,0.316318368022085
2016-09-03 00:00:00 UTC,0.712952713895142
2016-09-04 00:00:00 UTC,0.931219871070645
2016-09-05 00:00:00 UTC,0.62412547676016
2016-09-06 00:00:00 UTC,0.619122072238787
2016-09-07 00:00:00 UTC,0.457914411667349
2016-09-08 00:00:00 UTC,0.604354680229444
2016-09-09 00:00:00 UTC,0.453920964429255
2016-09-10 00:00:00 UTC,0.515704480436723
2016-09-11 00:00:00 UTC,1.02666890396922
2016-09-12 00:00:00 UTC,0.533377726051337
2016-09-13 00:00:00 UTC,0.501302845520788
2016-09-14 00:00:00 UTC,0.381829758319042
2016-09-15 00:00:00 UTC,0.426870788591221
2016-09-16 00:00:00 UTC,0.443140193705573
2016-09-17 00:00:00 UTC,0.376438880074636
2016-09-18 00:00:00 UTC,0.369249177698791
2016-09-19 00:00:00 UTC,0.355307063662388
2016-09-20 00:00:00 UTC,0.356840863929178
2016-09-21 00:00:00 UTC,0.6522835284819
2016-09-22 00:00:00 UTC,0.452401893417859
2016-09-23 00:00:00 UTC,0.375105411020323
2016-09-24 00:00:00 UTC,0.419475514504756
2016-09-25 00:00:00 UTC,0.374621950028411
2016-09-26 00:00:00 UTC,0.404193312151664
2016-09-27 00:00:00 UTC,0.526031219919908
2016-09-28 00:00:00 UTC,0.538358937544487
2016-09-29 00:00:00 UTC,0.481682373645669
2016-09-30 00:00:00 UTC,0.483175717775859
2016-10-01 00:00:00 UTC,0.495786827138578
2016-10-02 00:00:00 UTC,0.410837878545776
2016-10-03 00:00:00 UTC,0.401571385145406
2016-10-04 00:00:00 UTC,0.365334104783782
2016-10-05 00:00:00 UTC,0.485925572612122
2016-10-06 00:00:00 UTC,0.521022022159633
2016-10-07 00:00:00 UTC,0.437568780954623
2016-10-08 00:00:00 UTC,0.533907959085132
2016-10-09 00:00:00 UTC,0.563491763930646
2016-10-10 00:00:00 UTC,0.555703713744851
2016-10-11 00:00:00 UTC,0.815015643922721
2016-10-12 00:00:00 UTC,0.671645804630353
2016-10-13 00:00:00 UTC,0.486205225235038
2016-10-14 00:00:00 UTC,0.546967716114322
2016-10-15 00:00:00 UTC,0.474453721699585
2016-10-16 00:00:00 UTC,0.434432319904862
2016-10-17 00:00:00 UTC,0.354711454492031
2016-10-18 00:00:00 UTC,0.494510710709185
2016-10-19 00:00:00 UTC,0.617214224576265
2016-10-20 00:00:00 UTC,0.650317917102599
2016-10-21 00:00:00 UTC,0.459918528064881
2016-10-22 00:00:00 UTC,0.678107865609722
2016-10-23 00:00:00 UTC,0.45204018122277
2016-10-24 00:00:00 UTC,0.599135359781978
2016-10-25 00:00:00 UTC,0.802614214015334
2016-10-26 00:00:00 UTC,0.845574438513927
2016-10-27 00:00:00 UTC,0.955567217273649
2016-10-28 00:00:00 UTC,0.689911233812459
2016-10-29 00:00:00 UTC,1.02596265755736
2016-10-30 00:00:00 UTC,1.50608603246318
2016-10-31 00:00:00 UTC,1.20628157192698
2016-11-01 00:00:00 UTC,1.28361086724193
2016-11-02 00:00:00 UTC,0.95296628392034
2016-11-03 00:00:00 UTC,2.52463777819352
2016-11-04 00:00:00 UTC,1.80662511611527
2016-11-05 00:00:00 UTC,0.830484867322482
2016-11-06 00:00:00 UTC,1.15381798554821
2016-11-07 00:00:00 UTC,1.0459804346672
2016-11-08 00:00:00 UTC,0.921176726964359
2016-11-09 00:00:00 UTC,1.30349281951307
2016-11-10 00:00:00 UTC,0.838180356066313
2016-11-11 00:00:00 UTC,0.84954024096455
2016-11-12 00:00:00 UTC,0.834786767334563
2016-11-13 00:00:00 UTC,1.20984402110928
2016-11-14 00:00:00 UTC,0.957244459107241
2016-11-15 00:00:00 UTC,0.932050867058614
2016-11-16 00:00:00 UTC,1.39338707809774
2016-11-17 00:00:00 UTC,1.26556158277455
2016-11-18 00:00:00 UTC,1.19685401636125
2016-11-19 00:00:00 UTC,1.00237891150411
2016-11-20 00:00:00 UTC,1.61804277690687
2016-11-21 00:00:00 UTC,0.905513732392345
2016-11-22 00:00:00 UTC,1.08138538693896
2016-11-23 00:00:00 UTC,1.30886376006755
2016-11-24 00:00:00 UTC,1.0569334054433
2016-11-25 00:00:00 UTC,0.823509566844753
2016-11-26 00:00:00 UTC,1.05131843849045
2016-11-27 00:00:00 UTC,0.933338162676487
2016-11-28 00:00:00 UTC,0.943676584689443
2016-11-29 00:00:00 UTC,0.701352626563781
2016-11-30 00:00:00 UTC,0.885587992376636
2016-12-01 00:00:00 UTC,0.672620204431139
2016-12-02 00:00:00 UTC,0.979877736384862
2016-12-03 00:00:00 UTC,0.965792628840027
2016-12-04 00:00:00 UTC,0.894797097483175
2016-12-05 00:00:00 UTC,1.34783464990844
2016-12-06 00:00:00 UTC,0.988333673782005
2016-12-07 00:00:00 UTC,0.914577642366229
2016-12-08 00:00:00 UTC,0.760140410806107
2016-12-09 00:00:00 UTC,0.528469200735872
2016-12-10 00:00:00 UTC,0.512028784295236
2016-12-11 00:00:00 UTC,0.596803928398708
2016-12-12 00:00:00 UTC,0.754066008096776
2016-12-13 00:00:00 UTC,0.922896424022764
2016-12-14 00:00:00 UTC,0.715749744541657
2016-12-15 00:00:00 UTC,0.53687094096637
2016-12-16 00:00:00 UTC,0.680941593409735
2016-12-17 00:00:00 UTC,0.608984815495418
2016-12-18 00:00:00 UTC,0.488133261988782
2016-12-19 00:00:00 UTC,0.574944157556277
2016-12-20 00:00:00 UTC,0.735339226115871
2016-12-21 00:00:00 UTC,0.893891905138031
2016-12-22 00:00:00 UTC,1.83954577404993
2016-12-23 00:00:00 UTC,2.56592795393719
2016-12-24 00:00:00 UTC,1.93124360588083
2016-12-25 00:00:00 UTC,2.02833875512703
2016-12-26 00:00:00 UTC,1.5276973079555
2016-12-27 00:00:00 UTC,1.42324201247618
2016-12-28 00:00:00 UTC,2.32647110493488
2016-12-29 00:00:00 UTC,1.88951501605
2016-12-30 00:00:00 UTC,2.17809042846261
2016-12-31 00:00:00 UTC,1.43325052402573
2017-01-01 00:00:00 UTC,1.3526317856501
2017-01-02 00:00:00 UTC,2.20074566105214
2017-01-03 00:00:00 UTC,1.76848225510709
2017-01-04 00:00:00 UTC,3.82665161622629
2017-01-05 00:00:00 UTC,7.74648593528768
2017-01-06 00:00:00 UTC,5.53274721978425
2017-01-07 00:00:00 UTC,5.06339036714679
2017-01-08 00:00:00 UTC,3.03658333235099
2017-01-09 00:00:00 UTC,2.44576893110651
2017-01-10 00:00:00 UTC,1.51003888745278
2017-01-11 00:00:00 UTC,4.09865592840693
2017-01-12 00:00:00 UTC,3.78027991338557
2017-01-13 00:00:00 UTC,2.62783414023967
2017-01-14 00:00:00 UTC,1.8774846962797
2017-01-15 00:00:00 UTC,1.37666750550626
2017-01-16 00:00:00 UTC,1.49199449392298
2017-01-17 00:00:00 UTC,2.52073257952213
2017-01-18 00:00:00 UTC,2.74523743479643
2017-01-19 00:00:00 UTC,1.71347731153788
2017-01-20 00:00:00 UTC,1.31107985836244
2017-01-21 00:00:00 UTC,1.49020392821562
2017-01-22 00:00:00 UTC,1.92916909185719
2017-01-23 00:00:00 UTC,1.49048711574845
2017-01-24 00:00:00 UTC,2.02804578820405
2017-01-25 00:00:00 UTC,1.23098562087215
2017-01-26 00:00:00 UTC,1.05698805607631
2017-01-27 00:00:00 UTC,0.940381212475093
2017-01-28 00:00:00 UTC,0.652214014969225
2017-01-29 00:00:00 UTC,0.591408087270465
2017-01-30 00:00:00 UTC,0.662500847598324
2017-01-31 00:00:00 UTC,1.27869370072582
2017-02-01 00:00:00 UTC,1.35540214834464
2017-02-02 00:00:00 UTC,1.19053775555203
2017-02-03 00:00:00 UTC,2.12302950216275
2017-02-04 00:00:00 UTC,1.4345188404769
2017-02-05 00:00:00 UTC,1.50744443758815
2017-02-06 00:00:00 UTC,0.938602056137714
2017-02-07 00:00:00 UTC,1.13894277479733
2017-02-08 00:00:00 UTC,1.89889145186364
2017-02-09 00:00:00 UTC,4.75887602339421
2017-02-10 00:00:00 UTC,2.47936011722078
2017-02-11 00:00:00 UTC,1.31708635315196
2017-02-12 00:00:00 UTC,1.04969863325732
2017-02-13 00:00:00 UTC,1.15053531555183
2017-02-14 00:00:00 UTC,1.47454170329077
2017-02-15 00:00:00 UTC,0.926619104892526
2017-02-16 00:00:00 UTC,1.25029522491794
2017-02-17 00:00:00 UTC,1.25296206030971
2017-02-18 00:00:00 UTC,1.17313163204843
2017-02-19 00:00:00 UTC,1.21848996195687
2017-02-20 00:00:00 UTC,1.09343774910111
2017-02-21 00:00:00 UTC,2.19788674487988
2017-02-22 00:00:00 UTC,1.73365378615179
2017-02-23 00:00:00 UTC,1.88210589682035
2017-02-24 00:00:00 UTC,3.93356578933956
2017-02-25 00:00:00 UTC,2.14605825670818
2017-02-26 00:00:00 UTC,1.88295462350576
2017-02-27 00:00:00 UTC,1.53255276943523
2017-02-28 00:00:00 UTC,1.87833369194203
2017-03-01 00:00:00 UTC,1.89502333444698
2017-03-02 00:00:00 UTC,2.28787740069758
2017-03-03 00:00:00 UTC,2.57219056154397
2017-03-04 00:00:00 UTC,2.26772060798626
2017-03-05 00:00:00 UTC,1.59344682803752
2017-03-06 00:00:00 UTC,1.43014964991564
2017-03-07 00:00:00 UTC,3.54980286330373
2017-03-08 00:00:00 UTC,5.02421354617931
2017-03-09 00:00:00 UTC,3.5942402924091
2017-03-10 00:00:00 UTC,7.02524054637177
2017-03-11 00:00:00 UTC,3.52529954416477
2017-03-12 00:00:00 UTC,2.09158640940622
2017-03-13 00:00:00 UTC,2.61709926733274
2017-03-14 00:00:00 UTC,1.528451558423
2017-03-15 00:00:00 UTC,1.46325224785382
2017-03-16 00:00:00 UTC,4.50320660291938
2017-03-17 00:00:00 UTC,6.26886343515861
2017-03-18 00:00:00 UTC,6.74766997309207
2017-03-19 00:00:00 UTC,5.25100406978946
2017-03-20 00:00:00 UTC,3.20660701886055
2017-03-21 00:00:00 UTC,3.05461382337551
2017-03-22 00:00:00 UTC,4.48778905519355
2017-03-23 00:00:00 UTC,2.44423754526733
2017-03-24 00:00:00 UTC,3.47562308664151
2017-03-25 00:00:00 UTC,4.35935446817978
2017-03-26 00:00:00 UTC,3.15820142602709
2017-03-27 00:00:00 UTC,3.09192791521636
2017-03-28 00:00:00 UTC,2.67969171553606
2017-03-29 00:00:00 UTC,3.07440356313566
2017-03-30 00:00:00 UTC,2.06664946155765
2017-03-31 00:00:00 UTC,2.02212268707184
2017-04-01 00:00:00 UTC,2.2113864746557
2017-04-02 00:00:00 UTC,1.88715677770508
2017-04-03 00:00:00 UTC,2.53396579148893
2017-04-04 00:00:00 UTC,2.46101756094152
2017-04-05 00:00:00 UTC,1.80748432544795
2017-04-06 00:00:00 UTC,2.3039579704341
2017-04-07 00:00:00 UTC,2.10880690647319
2017-04-08 00:00:00 UTC,1.58193678958892
2017-04-09 00:00:00 UTC,1.77776178172881
2017-04-10 00:00:00 UTC,1.32974789672708
2017-04-11 00:00:00 UTC,1.31030183195184
2017-04-12 00:00:00 UTC,1.41662593038467
2017-04-13 00:00:00 UTC,2.7180647776408
2017-04-14 00:00:00 UTC,1.86498900588908
2017-04-15 00:00:00 UTC,1.40690925934187
2017-04-16 00:00:00 UTC,1.19183364442937
2017-04-17 00:00:00 UTC,1.54858256221513
2017-04-18 00:00:00 UTC,1.22205098686132
2017-04-19 00:00:00 UTC,1.10879719139155
2017-04-20 00:00:00 UTC,1.58604653129296
2017-04-21 00:00:00 UTC,1.27077985801715
2017-04-22 00:00:00 UTC,1.60986890513141
2017-04-23 00:00:00 UTC,1.30328014975355
2017-04-24 00:00:00 UTC,1.04692847840468
2017-04-25 00:00:00 UTC,1.10166958481702
2017-04-26 00:00:00 UTC,1.50260897837858
2017-04-27 00:00:00 UTC,1.89899396749621
2017-04-28 00:00:00 UTC,2.64483358279706
2017-04-29 00:00:00 UTC,1.79905333289261
2017-04-30 00:00:00 UTC,1.76551803140622
2017-05-01 00:00:00 UTC,2.80287398757016
2017-05-02 00:00:00 UTC,3.59386173246547
2017-05-03 00:00:00 UTC,3.46115217800374
2017-05-04 00:00:00 UTC,6.2740203383595
2017-05-05 00:00:00 UTC,5.55158180575274
2017-05-06 00:00:00 UTC,3.03449007009762
2017-05-07 00:00:00 UTC,2.45657163977223
2017-05-08 00:00:00 UTC,3.33757447928604
2017-05-09 00:00:00 UTC,6.13576328623646
2017-05-10 00:00:00 UTC,4.04744364307451
2017-05-11 00:00:00 UTC,5.0875882502693
2017-05-12 00:00:00 UTC,7.39442313033326
2017-05-13 00:00:00 UTC,6.56269956208689
2017-05-14 00:00:00 UTC,3.98761992979754
2017-05-15 00:00:00 UTC,4.80361831245249
2017-05-16 00:00:00 UTC,3.20521573437159
2017-05-17 00:00:00 UTC,3.66100599925429
2017-05-18 00:00:00 UTC,3.44974943898
2017-05-19 00:00:00 UTC,3.8438861146902
2017-05-20 00:00:00 UTC,3.23850845139472
2017-05-21 00:00:00 UTC,4.53912311519085
2017-05-22 00:00:00 UTC,7.87760950695075
2017-05-23 00:00:00 UTC,6.24986048313061
2017-05-24 00:00:00 UTC,7.90755218324234
2017-05-25 00:00:00 UTC,19.7813183674958
2017-05-26 00:00:00 UTC,18.4573546137436
2017-05-27 00:00:00 UTC,17.5900025810097
2017-05-28 00:00:00 UTC,12.6708453696389
2017-05-29 00:00:00 UTC,8.14914164875534
2017-05-30 00:00:00 UTC,8.65775137788119
2017-05-31 00:00:00 UTC,7.32023831225258
2017-06-01 00:00:00 UTC,6.58165920197624
2017-06-02 00:00:00 UTC,5.02113341424825
2017-06-03 00:00:00 UTC,5.09025023207951
2017-06-04 00:00:00 UTC,4.89978694563426
2017-06-05 00:00:00 UTC,4.30081862682213
2017-06-06 00:00:00 UTC,12.9687406989353
2017-06-07 00:00:00 UTC,8.08765387004229
2017-06-08 00:00:00 UTC,6.51784807971653
2017-06-09 00:00:00 UTC,3.98720045912228
2017-06-10 00:00:00 UTC,5.99677896828886
2017-06-11 00:00:00 UTC,6.64585964689234
2017-06-12 00:00:00 UTC,14.5282048379073
2017-06-13 00:00:00 UTC,8.7177153805753
2017-06-14 00:00:00 UTC,10.8356225457833
2017-06-15 00:00:00 UTC,16.3218987538543
2017-06-16 00:00:00 UTC,9.84956011925665
2017-06-17 00:00:00 UTC,7.12375954688872
2017-06-18 00:00:00 UTC,8.22897668288412
2017-06-19 00:00:00 UTC,6.12168800023752
2017-06-20 00:00:00 UTC,6.74084397456199
2017-06-21 00:00:00 UTC,8.24386781261248
2017-06-22 00:00:00 UTC,5.30978444563349
2017-06-23 00:00:00 UTC,3.86012222321027
2017-06-24 00:00:00 UTC,6.6981861628754
2017-06-25 00:00:00 UTC,7.387470680693
2017-06-26 00:00:00 UTC,12.6906689582017
2017-06-27 00:00:00 UTC,11.640249656357
2017-06-28 00:00:00 UTC,7.8604257436925
2017-06-29 00:00:00 UTC,5.11092615663851
2017-06-30 00:00:00 UTC,4.82024214317914
2017-07-01 00:00:00 UTC,5.46420037728661
2017-07-02 00:00:00 UTC,5.39152823140543
2017-07-03 00:00:00 UTC,5.08288364193016
2017-07-04 00:00:00 UTC,4.74443176687579
2017-07-05 00:00:00 UTC,3.77319370663634
2017-07-06 00:00:00 UTC,3.19829194901908
2017-07-07 00:00:00 UTC,4.03864752001596
2017-07-08 00:00:00 UTC,3.80820772738467
2017-07-09 00:00:00 UTC,2.45736145015477
2017-07-10 00:00:00 UTC,6.61637873645985
2017-07-11 00:00:00 UTC,7.76583842084537
2017-07-12 00:00:00 UTC,5.98929332692886
2017-07-13 00:00:00 UTC,4.2012274489981
2017-07-14 00:00:00 UTC,6.45180906728263
2017-07-15 00:00:00 UTC,10.1100694543223
2017-07-16 00:00:00 UTC,9.78239779844224
2017-07-17 00:00:00 UTC,8.88217990108232
2017-07-18 00:00:00 UTC,9.00239281657755
2017-07-19 00:00:00 UTC,8.28429971204913
2017-07-20 00:00:00 UTC,12.0183006101136
2017-07-21 00:00:00 UTC,12.8099304224262
2017-07-22 00:00:00 UTC,8.54322663347239
2017-07-23 00:00:00 UTC,8.51420471876364
2017-07-24 00:00:00 UTC,5.03451832141335
2017-07-25 00:00:00 UTC,8.96497788317644
2017-07-26 00:00:00 UTC,7.90221973296499
2017-07-27 00:00:00 UTC,6.05380607966573
2017-07-28 00:00:00 UTC,7.00380812417242
2017-07-29 00:00:00 UTC,6.10439215270253
2017-07-30 00:00:00 UTC,5.40483012435156
2017-07-31 00:00:00 UTC,5.32635317348362
2017-08-01 00:00:00 UTC,12.099363021396
2017-08-02 00:00:00 UTC,5.56652318269391
2017-08-03 00:00:00 UTC,3.78730219620852
2017-08-04 00:00:00 UTC,3.72057822719747
2017-08-05 00:00:00 UTC,11.7465377610511
2017-08-06 00:00:00 UTC,6.42388928839386
2017-08-07 00:00:00 UTC,6.54020807304166
2017-08-08 00:00:00 UTC,8.18693647317982
2017-08-09 00:00:00 UTC,8.37460794797489
2017-08-10 00:00:00 UTC,5.63711331119787
2017-08-11 00:00:00 UTC,6.95719888237702
2017-08-12 00:00:00 UTC,12.1181009512823
2017-08-13 00:00:00 UTC,22.4579374750584
2017-08-14 00:00:00 UTC,14.8635436797841
2017-08-15 00:00:00 UTC,20.2539347827473
2017-08-16 00:00:00 UTC,16.8535441793068
2017-08-17 00:00:00 UTC,14.7755553907724
2017-08-18 00:00:00 UTC,13.9704208939006
2017-08-19 00:00:00 UTC,22.307372426283
2017-08-20 00:00:00 UTC,10.5653357347626
2017-08-21 00:00:00 UTC,8.07964455571846
2017-08-22 00:00:00 UTC,19.0559518893301
2017-08-23 00:00:00 UTC,11.3467936608717
2017-08-24 00:00:00 UTC,9.91919214121691
2017-08-25 00:00:00 UTC,9.56731926620979
2017-08-26 00:00:00 UTC,10.6653506139722
2017-08-27 00:00:00 UTC,5.23586801759556
2017-08-28 00:00:00 UTC,7.06585721566102
2017-08-29 00:00:00 UTC,8.58682811167989
2017-08-30 00:00:00 UTC,6.91524137116172
2017-08-31 00:00:00 UTC,5.91493449388913
2017-09-01 00:00:00 UTC,8.2427621482048
2017-09-02 00:00:00 UTC,19.6709564559082
