Time,avg,max,min
2013-09-18 00:00:00 UTC,94.75,95.0,94.5
2013-09-19 00:00:00 UTC,93.4,93.6,93.2
2013-09-20 00:00:00 UTC,0.0,0.0,0.0
2013-09-21 00:00:00 UTC,94.1633333333333,94.49,94.0
2013-09-22 00:00:00 UTC,93.0,93.0,93.0
2013-09-23 00:00:00 UTC,92.5,92.5,92.5
2013-09-24 00:00:00 UTC,90.25,90.25,90.25
2013-09-25 00:00:00 UTC,90.68,91.11,90.25
2013-09-26 00:00:00 UTC,0.0,0.0,0.0
2013-09-27 00:00:00 UTC,0.0,0.0,0.0
2013-09-28 00:00:00 UTC,91.2,91.2,91.2
2013-09-29 00:00:00 UTC,94.0833333333333,94.5,93.25
2013-09-30 00:00:00 UTC,94.5,94.5,94.5
2013-10-01 00:00:00 UTC,95.25,96.0,94.5
2013-10-02 00:00:00 UTC,94.2180519444444,96.99999,90.0
2013-10-03 00:00:00 UTC,86.5885093055556,96.999,81.0
2013-10-04 00:00:00 UTC,89.9125,90.2,89.6
2013-10-05 00:00:00 UTC,88.49602,88.49602,88.49602
2013-10-06 00:00:00 UTC,90.0541691428571,92.50656,88.7
2013-10-07 00:00:00 UTC,94.3258980952382,107.0,88.8
2013-10-08 00:00:00 UTC,92.3494162184874,95.0,89.029
2013-10-09 00:00:00 UTC,93.3963293333333,96.5,90.2
2013-10-10 00:00:00 UTC,94.6913395833333,96.17255,91.60935
2013-10-11 00:00:00 UTC,92.71849,94.9628,90.0
2013-10-12 00:00:00 UTC,94.2,94.2,94.2
2013-10-13 00:00:00 UTC,95.3725,96.5,94.98
2013-10-14 00:00:00 UTC,99.086436,101.0,84.0
2013-10-15 00:00:00 UTC,100.25518,101.0,100.0
2013-10-16 00:00:00 UTC,106.031934375,107.5,100.01061
2013-10-17 00:00:00 UTC,107.11721,108.98967,105.0
2013-10-18 00:00:00 UTC,109.664904888889,112.0,105.09045
2013-10-19 00:00:00 UTC,116.727048,123.48639,111.5
2013-10-20 00:00:00 UTC,121.4,121.5,121.3
2013-10-21 00:00:00 UTC,126.887538666667,131.42968,122.0
2013-10-22 00:00:00 UTC,135.327315714286,140.35023,130.2
2013-10-23 00:00:00 UTC,141.65672703125,148.9,135.02748
2013-10-24 00:00:00 UTC,138.867891151414,150.0,86.0
2013-10-25 00:00:00 UTC,132.284337619724,139.78187,124.91
2013-10-26 00:00:00 UTC,134.882102962963,159.0,129.60302
2013-10-27 00:00:00 UTC,138.011571666667,140.5547,131.95645
2013-10-28 00:00:00 UTC,140.54,140.54,140.54
2013-10-29 00:00:00 UTC,146.816421458333,149.8,143.10085
2013-10-30 00:00:00 UTC,148.931400107143,149.8,145.0
2013-10-31 00:00:00 UTC,149.0734655,150.0,145.05797
2013-11-01 00:00:00 UTC,151.051553125,153.0,150.0
2013-11-02 00:00:00 UTC,151.530952380952,154.0,150.0
2013-11-03 00:00:00 UTC,151.335065972222,154.0,148.54547
2013-11-04 00:00:00 UTC,161.079578080808,170.0,152.0
2013-11-05 00:00:00 UTC,177.477587379085,188.0,168.0
2013-11-06 00:00:00 UTC,198.574969352462,257.32048,185.0
2013-11-07 00:00:00 UTC,222.391961573983,255.97821,203.0
2013-11-08 00:00:00 UTC,251.466925156566,274.0,222.0
2013-11-09 00:00:00 UTC,272.451073734883,290.0,244.5
2013-11-10 00:00:00 UTC,231.091778232143,252.31569,204.63726
2013-11-11 00:00:00 UTC,258.883157367063,272.10019,240.0
2013-11-12 00:00:00 UTC,264.766351534799,282.97462,256.0
2013-11-13 00:00:00 UTC,285.888104708652,310.0,264.99289
2013-11-14 00:00:00 UTC,311.243438529686,320.0,300.0
2013-11-15 00:00:00 UTC,316.199259904228,330.0,302.95398
2013-11-16 00:00:00 UTC,325.899298883275,332.0,315.0
2013-11-17 00:00:00 UTC,346.689317224255,374.08,330.0
2013-11-18 00:00:00 UTC,427.349178810404,499.0,366.0
2013-11-19 00:00:00 UTC,483.26286060987,551.7997,370.0
2013-11-20 00:00:00 UTC,428.058101150709,475.0,370.0
2013-11-21 00:00:00 UTC,497.931514028166,550.0,444.11
2013-11-22 00:00:00 UTC,551.114571177075,597.64016,526.0
2013-11-23 00:00:00 UTC,621.799201836371,650.5,575.0
2013-11-24 00:00:00 UTC,612.236121264268,639.9711,568.84753
2013-11-25 00:00:00 UTC,606.373495458143,627.0,586.0
2013-11-26 00:00:00 UTC,629.977455729971,679.98896,607.0
2013-11-27 00:00:00 UTC,703.118948949073,750.0,658.99999
2013-11-28 00:00:00 UTC,755.693280308773,829.0,660.0
2013-11-29 00:00:00 UTC,824.54914779462,872.9,760.0
2013-11-30 00:00:00 UTC,854.839223632537,871.42669,839.99995
2013-12-01 00:00:00 UTC,767.891104782692,846.00002,583.83872
2013-12-02 00:00:00 UTC,751.611901589393,778.6097,705.1212
2013-12-03 00:00:00 UTC,782.082639296779,815.0,747.1
2013-12-04 00:00:00 UTC,807.466399272255,845.99,775.91284
2013-12-05 00:00:00 UTC,790.110158373284,844.9,676.0
2013-12-06 00:00:00 UTC,732.93159891344,789.3,601.0
2013-12-07 00:00:00 UTC,566.120267700078,739.98,432.0
2013-12-08 00:00:00 UTC,549.08357308736,605.0,501.2345
2013-12-09 00:00:00 UTC,648.168918403867,690.0,585.0
2013-12-10 00:00:00 UTC,688.602501622162,714.99,659.13001
2013-12-11 00:00:00 UTC,670.481075955179,708.49999,603.0
2013-12-12 00:00:00 UTC,640.749386436106,669.91,610.1
2013-12-13 00:00:00 UTC,645.198417909195,669.987,618.15612
2013-12-14 00:00:00 UTC,633.714663478391,643.0,620.1
2013-12-15 00:00:00 UTC,623.206501127686,635.0,605.0
2013-12-16 00:00:00 UTC,589.761425937682,634.6,490.00001
2013-12-17 00:00:00 UTC,510.487847089069,550.0,484.73952
2013-12-18 00:00:00 UTC,415.096742206742,503.6,242.95911
2013-12-19 00:00:00 UTC,453.336914196426,510.0,369.0
2013-12-20 00:00:00 UTC,499.798824224646,526.54737,454.0
2013-12-21 00:00:00 UTC,460.62777416035,489.0,430.1
2013-12-22 00:00:00 UTC,463.280486584157,490.0,440.40001
2013-12-23 00:00:00 UTC,471.524443127447,484.99998,457.0
2013-12-24 00:00:00 UTC,481.988942718559,499.0,469.01
2013-12-25 00:00:00 UTC,486.566390153697,498.9999,477.1
2013-12-26 00:00:00 UTC,523.267459146206,559.89,492.1
2013-12-27 00:00:00 UTC,536.740916543499,555.34519,520.1
2013-12-28 00:00:00 UTC,533.189413819491,541.3,518.88
2013-12-29 00:00:00 UTC,529.883523743756,539.9,525.0
2013-12-30 00:00:00 UTC,538.630939596582,543.49,533.2
2013-12-31 00:00:00 UTC,538.886456991109,542.98998,530.857
2014-01-01 00:00:00 UTC,543.725084177281,548.0,535.2154
2014-01-02 00:00:00 UTC,549.817243124308,575.0,542.9
2014-01-03 00:00:00 UTC,582.812573865217,599.99,562.0
2014-01-04 00:00:00 UTC,596.898082716651,611.74999,583.0
2014-01-05 00:00:00 UTC,639.014778441871,698.42911,595.0
2014-01-06 00:00:00 UTC,688.279180773009,734.9,618.0
2014-01-07 00:00:00 UTC,659.211948885352,697.13,590.0
2014-01-08 00:00:00 UTC,613.649547965261,640.0,550.0
2014-01-09 00:00:00 UTC,614.353817316425,626.9999,590.0
2014-01-10 00:00:00 UTC,615.36128909617,630.0,605.0
2014-01-11 00:00:00 UTC,641.968830539562,658.99999,623.3
2014-01-12 00:00:00 UTC,636.716313434233,659.98,613.00555
2014-01-13 00:00:00 UTC,612.502101350835,628.3695,590.0
2014-01-14 00:00:00 UTC,612.004054654351,621.59346,603.0
2014-01-15 00:00:00 UTC,619.141490856498,629.331,605.105
2014-01-16 00:00:00 UTC,619.571027818125,626.61,610.0
2014-01-17 00:00:00 UTC,598.496434183788,615.49,562.25141
2014-01-18 00:00:00 UTC,598.386209354486,608.991,585.36822
2014-01-19 00:00:00 UTC,602.107038882482,690.001,593.24
2014-01-20 00:00:00 UTC,611.912545269361,624.07705,603.11
2014-01-21 00:00:00 UTC,610.60110443948,620.0,600.17898
2014-01-22 00:00:00 UTC,607.829431741845,615.0,601.17515
2014-01-23 00:00:00 UTC,605.944973113857,609.9999,600.12
2014-01-24 00:00:00 UTC,590.528422633374,606.0,576.0
2014-01-25 00:00:00 UTC,589.067217404083,599.0,576.0
2014-01-26 00:00:00 UTC,598.251744788426,610.0,588.8
2014-01-27 00:00:00 UTC,591.213212128123,603.99,535.0
2014-01-28 00:00:00 UTC,581.833236173601,605.0,545.1
2014-01-29 00:00:00 UTC,585.985303198004,598.0,575.0
2014-01-30 00:00:00 UTC,585.404953724801,598.8978,575.00555
2014-01-31 00:00:00 UTC,592.192679693824,596.74,584.01
2014-02-01 00:00:00 UTC,597.77923582946,605.5,593.17999
2014-02-02 00:00:00 UTC,604.238184892515,610.0,599.88
2014-02-03 00:00:00 UTC,598.852604507723,604.48199,594.0
2014-02-04 00:00:00 UTC,596.438005801464,600.88324,590.0
2014-02-05 00:00:00 UTC,594.923973657227,598.741,590.0
2014-02-06 00:00:00 UTC,583.483374198899,594.994,561.0
2014-02-07 00:00:00 UTC,544.617758039629,570.0,502.1
2014-02-08 00:00:00 UTC,525.907022157238,539.5377,502.2
2014-02-09 00:00:00 UTC,514.974996423136,537.26975,501.1
2014-02-10 00:00:00 UTC,501.808988485984,522.43959,402.10001
2014-02-11 00:00:00 UTC,504.783306090707,524.97,470.0
2014-02-12 00:00:00 UTC,490.993804902443,503.1,478.0
2014-02-13 00:00:00 UTC,484.561722284008,498.972,450.0
2014-02-14 00:00:00 UTC,468.744980673106,518.76576,430.0
2014-02-15 00:00:00 UTC,483.272925928432,495.0,471.0
2014-02-16 00:00:00 UTC,469.697663895844,489.88,440.0
2014-02-17 00:00:00 UTC,465.626862107671,485.0,450.0
2014-02-18 00:00:00 UTC,463.973473295091,474.00886,450.0
2014-02-19 00:00:00 UTC,460.556814937963,464.0,455.0
2014-02-20 00:00:00 UTC,439.541258968013,463.55555,406.34831
2014-02-21 00:00:00 UTC,416.739279962916,437.0,390.18
2014-02-22 00:00:00 UTC,424.191488719396,452.0,410.077
2014-02-23 00:00:00 UTC,450.165441576352,468.9999,435.01
2014-02-24 00:00:00 UTC,420.901526558931,447.3,401.0
2014-02-25 00:00:00 UTC,375.828596942835,410.2472,320.11002
2014-02-26 00:00:00 UTC,421.462930706575,441.03,370.5
2014-02-27 00:00:00 UTC,431.078006570622,438.01,423.15441
2014-02-28 00:00:00 UTC,421.825149462783,432.0,400.0
2014-03-01 00:00:00 UTC,414.959186389829,420.66661,406.01
2014-03-02 00:00:00 UTC,417.529422942386,422.12088,412.01
2014-03-03 00:00:00 UTC,440.198189583768,506.9,412.89
2014-03-04 00:00:00 UTC,489.802815042424,505.6423,477.813
2014-03-05 00:00:00 UTC,483.644170819404,492.0,471.1
2014-03-06 00:00:00 UTC,484.290396482906,490.0,475.0
2014-03-07 00:00:00 UTC,468.433703510214,485.0,450.0
2014-03-08 00:00:00 UTC,455.411099954956,464.83569,445.01
2014-03-09 00:00:00 UTC,457.929351252545,470.51535,448.83
2014-03-10 00:00:00 UTC,459.117692417131,466.0,451.0
2014-03-11 00:00:00 UTC,455.52800662195,462.0,451.1
2014-03-12 00:00:00 UTC,461.552371312527,470.0,455.711
2014-03-13 00:00:00 UTC,463.293074175068,468.0,458.0
2014-03-14 00:00:00 UTC,461.731252485047,466.88,455.3
2014-03-15 00:00:00 UTC,458.726934850969,464.94,453.01
2014-03-16 00:00:00 UTC,458.384274629623,461.17,456.77
2014-03-17 00:00:00 UTC,452.652757349109,460.58,447.0
2014-03-18 00:00:00 UTC,443.435755673739,455.0,435.0
2014-03-19 00:00:00 UTC,443.075284647915,451.26151,436.3762
2014-03-20 00:00:00 UTC,432.469175258159,441.22483,420.0
2014-03-21 00:00:00 UTC,423.444858416312,440.60377,412.10905
2014-03-22 00:00:00 UTC,411.012565204208,419.52362,400.0
2014-03-23 00:00:00 UTC,412.794442845876,417.99999,408.34723
2014-03-24 00:00:00 UTC,411.669099745738,430.0,403.61535
2014-03-25 00:00:00 UTC,420.733768051807,429.7,415.14
2014-03-26 00:00:00 UTC,422.306050834821,428.4,415.39
2014-03-27 00:00:00 UTC,403.910974881962,426.363,360.0
2014-03-28 00:00:00 UTC,379.403787177053,395.0,361.76119
2014-03-29 00:00:00 UTC,371.497322479503,379.5,362.1
2014-03-30 00:00:00 UTC,349.36884982786,365.4149,321.842
2014-03-31 00:00:00 UTC,337.110638755288,353.8709,325.12
2014-04-01 00:00:00 UTC,352.512060176821,444.80067,331.3305
2014-04-02 00:00:00 UTC,348.183070951907,370.0,321.0
2014-04-03 00:00:00 UTC,323.075580189553,339.1201,307.0009
2014-04-04 00:00:00 UTC,328.467329315883,337.0,317.2
2014-04-05 00:00:00 UTC,332.261929994953,340.0,325.47492
2014-04-06 00:00:00 UTC,337.528989296772,344.433,330.51
2014-04-07 00:00:00 UTC,334.633086222039,338.39271,325.186
2014-04-08 00:00:00 UTC,333.331096754127,338.0,330.11001
2014-04-09 00:00:00 UTC,330.661742959058,335.87,323.5
2014-04-10 00:00:00 UTC,299.720760542841,325.77252,260.64503
2014-04-11 00:00:00 UTC,294.748477294782,314.4666,252.021
2014-04-12 00:00:00 UTC,312.520489894519,320.0,306.0
2014-04-13 00:00:00 UTC,303.418249187988,311.1485,288.58
2014-04-14 00:00:00 UTC,324.704512181175,339.0,296.1
2014-04-15 00:00:00 UTC,355.231402380306,379.9999,310.0
2014-04-16 00:00:00 UTC,373.915518306779,399.0,350.99
2014-04-17 00:00:00 UTC,367.504577683283,380.69065,350.5
2014-04-18 00:00:00 UTC,354.992661589159,365.986,343.8683
2014-04-19 00:00:00 UTC,357.36097907008,365.0,345.5
2014-04-20 00:00:00 UTC,364.000006362913,370.0,352.60068
2014-04-21 00:00:00 UTC,362.364932484462,369.1,357.0
2014-04-22 00:00:00 UTC,358.266233032604,363.0,351.0
2014-04-23 00:00:00 UTC,355.226172297583,359.37,351.5
2014-04-24 00:00:00 UTC,355.382991887671,361.0,350.3646
2014-04-25 00:00:00 UTC,337.9088504759,361.0,315.18014
2014-04-26 00:00:00 UTC,332.479778571466,339.55658,327.50271
2014-04-27 00:00:00 UTC,327.772560731876,334.49,312.8305
2014-04-28 00:00:00 UTC,317.197094251482,327.77,308.0
2014-04-29 00:00:00 UTC,321.519864956787,326.99,313.0
2014-04-30 00:00:00 UTC,322.575716345948,327.69083,316.3
2014-05-01 00:00:00 UTC,329.381400844318,334.89,324.29167
2014-05-02 00:00:00 UTC,326.426559128457,332.8,321.57
2014-05-03 00:00:00 UTC,319.08208360345,326.906,311.0
2014-05-04 00:00:00 UTC,314.836437973687,318.475,311.8
2014-05-05 00:00:00 UTC,312.938589555548,320.06145,309.4
2014-05-06 00:00:00 UTC,309.561419501878,315.0,305.0
2014-05-07 00:00:00 UTC,315.586392754193,325.0,309.0
2014-05-08 00:00:00 UTC,319.947062295918,323.38247,314.99431
2014-05-09 00:00:00 UTC,324.232561391007,332.21818,318.05133
2014-05-10 00:00:00 UTC,328.669265063846,330.98,326.06973
2014-05-11 00:00:00 UTC,323.181773404202,330.76037,314.34416
2014-05-12 00:00:00 UTC,319.885385130201,322.84899,315.55025
2014-05-13 00:00:00 UTC,319.310720213864,321.5607,315.6
2014-05-14 00:00:00 UTC,322.731593691423,327.99475,319.07843
2014-05-15 00:00:00 UTC,326.588012370135,329.9,322.7
2014-05-16 00:00:00 UTC,327.135444306576,328.67597,325.1
2014-05-17 00:00:00 UTC,327.254215610396,328.312,325.91
2014-05-18 00:00:00 UTC,326.330731126755,328.289,323.1772
2014-05-19 00:00:00 UTC,325.235028431967,327.9,322.86359
2014-05-20 00:00:00 UTC,339.429756285902,363.12065,325.0075
2014-05-21 00:00:00 UTC,359.570300680918,362.9,352.0
2014-05-22 00:00:00 UTC,372.839300021991,387.22523,355.7
2014-05-23 00:00:00 UTC,389.537101428411,402.9,374.89
2014-05-24 00:00:00 UTC,383.468175451916,389.25008,379.8344
2014-05-25 00:00:00 UTC,411.982824201649,428.00001,386.34
2014-05-26 00:00:00 UTC,425.950387548995,430.9,413.50001
2014-05-27 00:00:00 UTC,421.430055270027,434.9,400.74582
2014-05-28 00:00:00 UTC,421.749618721348,426.00001,415.64308
2014-05-29 00:00:00 UTC,418.102544696224,426.0,413.12
2014-05-30 00:00:00 UTC,434.545646453736,456.0,417.1
2014-05-31 00:00:00 UTC,452.350728671909,457.5,444.5
2014-06-01 00:00:00 UTC,468.988551573693,491.5,447.04702
2014-06-02 00:00:00 UTC,466.76065264587,489.0,451.2
2014-06-03 00:00:00 UTC,486.431373628808,495.243,477.1
2014-06-04 00:00:00 UTC,473.040599413951,492.8,460.0004
2014-06-05 00:00:00 UTC,479.974660092623,490.2,470.07788
2014-06-06 00:00:00 UTC,482.414889274987,487.16897,475.15711
2014-06-07 00:00:00 UTC,478.593043513914,481.57844,470.45037
2014-06-08 00:00:00 UTC,480.354976938213,482.5,479.5
2014-06-09 00:00:00 UTC,476.526040392228,481.39,471.17
2014-06-10 00:00:00 UTC,477.81967438841,481.41287,472.93187
2014-06-11 00:00:00 UTC,472.290244818813,480.56146,460.0
2014-06-12 00:00:00 UTC,455.344792541544,467.72311,405.0
2014-06-13 00:00:00 UTC,436.225316849719,453.99,421.92621
2014-06-14 00:00:00 UTC,422.201736829417,439.0,398.0
2014-06-15 00:00:00 UTC,418.94607745575,438.0,407.11676
2014-06-16 00:00:00 UTC,441.947601190877,452.6722,430.60102
2014-06-17 00:00:00 UTC,440.619346868826,449.6267,430.01101
2014-06-18 00:00:00 UTC,449.960173917097,455.66,445.0
2014-06-19 00:00:00 UTC,444.635373771087,447.5,435.89988
2014-06-20 00:00:00 UTC,435.498217357615,440.00001,421.98999
2014-06-21 00:00:00 UTC,434.079934347651,438.26235,429.6
2014-06-22 00:00:00 UTC,439.997619990515,444.95,434.2
2014-06-23 00:00:00 UTC,433.698494116374,442.1,429.6
2014-06-24 00:00:00 UTC,430.629949509244,433.61,416.20242
2014-06-25 00:00:00 UTC,417.359043366342,424.96783,408.9998
2014-06-26 00:00:00 UTC,417.779350780082,427.45658,411.96278
2014-06-27 00:00:00 UTC,429.260260937559,439.0,423.11609
2014-06-28 00:00:00 UTC,436.425503430028,442.2,432.20251
2014-06-29 00:00:00 UTC,435.672406720481,438.96247,432.22
2014-06-30 00:00:00 UTC,453.721035303553,476.98,435.29622
2014-07-01 00:00:00 UTC,472.318314429209,480.0,463.07547
2014-07-02 00:00:00 UTC,469.422143782567,477.0,462.96904
2014-07-03 00:00:00 UTC,470.047381049697,473.0,466.03401
2014-07-04 00:00:00 UTC,465.850555062952,471.15669,457.4
2014-07-05 00:00:00 UTC,463.272762573557,465.08587,460.4
2014-07-06 00:00:00 UTC,465.459888657755,469.0,460.9
2014-07-07 00:00:00 UTC,461.332966742559,466.78398,451.0
2014-07-08 00:00:00 UTC,457.846635201463,468.37,433.95186
2014-07-09 00:00:00 UTC,458.136326454699,460.22211,455.72
2014-07-10 00:00:00 UTC,453.414655291178,458.5,445.01
2014-07-11 00:00:00 UTC,458.21229922481,465.0,451.02
2014-07-12 00:00:00 UTC,465.441680334913,468.9,463.0
2014-07-13 00:00:00 UTC,464.36370304732,468.5,461.0
2014-07-14 00:00:00 UTC,458.671195490109,464.0,454.0
2014-07-15 00:00:00 UTC,457.489741947201,459.999,454.1
2014-07-16 00:00:00 UTC,457.177702654206,459.48999,454.0001
2014-07-17 00:00:00 UTC,457.632796129768,465.0,451.60001
2014-07-18 00:00:00 UTC,461.116923901722,464.75,457.44987
2014-07-19 00:00:00 UTC,462.991989076565,464.85,460.105
2014-07-20 00:00:00 UTC,460.001056336127,462.0203,457.5
2014-07-21 00:00:00 UTC,458.184514466662,460.0,455.67
2014-07-22 00:00:00 UTC,459.199330665487,462.1588,456.0
2014-07-23 00:00:00 UTC,460.177048854614,462.7468,459.0
2014-07-24 00:00:00 UTC,453.488885399622,460.52,440.0
2014-07-25 00:00:00 UTC,448.816049085699,451.88,442.28688
2014-07-26 00:00:00 UTC,445.483849846321,450.04371,442.5774
2014-07-27 00:00:00 UTC,444.729293857925,449.0,441.99293
2014-07-28 00:00:00 UTC,437.822387704361,446.5,425.92922
2014-07-29 00:00:00 UTC,438.00905446166,441.5,434.0
2014-07-30 00:00:00 UTC,432.044678693718,437.5,420.11
2014-07-31 00:00:00 UTC,430.083127482784,439.77,418.14907
2014-08-01 00:00:00 UTC,442.327326334548,453.72924,434.1082
2014-08-02 00:00:00 UTC,442.446562490637,446.5,438.0
2014-08-03 00:00:00 UTC,436.442060527872,440.20394,433.0
2014-08-04 00:00:00 UTC,438.145130683758,444.0,434.56845
2014-08-05 00:00:00 UTC,435.895690122806,440.5965,433.0
2014-08-06 00:00:00 UTC,435.378082028687,439.0,433.0
2014-08-07 00:00:00 UTC,437.287257021544,443.38,434.0
2014-08-08 00:00:00 UTC,441.518903132432,446.0,437.0
2014-08-09 00:00:00 UTC,439.240389493122,441.86976,437.6
2014-08-10 00:00:00 UTC,439.554157873231,443.12,437.5
2014-08-11 00:00:00 UTC,437.609189403138,441.4,426.35101
2014-08-12 00:00:00 UTC,428.843927131014,434.18847,425.21001
2014-08-13 00:00:00 UTC,416.147297694973,429.9999,395.0
2014-08-14 00:00:00 UTC,392.554033011264,411.33626,371.011
2014-08-15 00:00:00 UTC,384.429740962735,392.91137,373.76
2014-08-16 00:00:00 UTC,380.761520208393,399.0,370.0
2014-08-17 00:00:00 UTC,383.503065302212,398.77094,372.0
2014-08-18 00:00:00 UTC,361.553965307387,383.89,337.6
2014-08-19 00:00:00 UTC,363.247153582827,379.5,342.59
2014-08-20 00:00:00 UTC,376.521140799026,400.97426,356.64446
2014-08-21 00:00:00 UTC,397.32111668817,407.0,389.00111
2014-08-22 00:00:00 UTC,391.763363927565,398.3899,381.04
2014-08-23 00:00:00 UTC,385.610441410096,392.05886,376.11
2014-08-24 00:00:00 UTC,384.768712519012,391.23001,379.04432
2014-08-25 00:00:00 UTC,385.343114529174,390.11999,380.01
2014-08-26 00:00:00 UTC,386.90541978791,391.5,380.1
2014-08-27 00:00:00 UTC,390.879708168491,396.0,385.0
2014-08-28 00:00:00 UTC,386.016202856583,390.96,380.0
2014-08-29 00:00:00 UTC,383.655369421287,389.76504,377.0
2014-08-30 00:00:00 UTC,384.496998004167,387.1087,382.0
2014-08-31 00:00:00 UTC,374.504165518936,385.49999,361.0
2014-09-01 00:00:00 UTC,367.041475154039,374.9,360.9569
2014-09-02 00:00:00 UTC,364.526419478278,369.8,360.0
2014-09-03 00:00:00 UTC,363.733589940287,367.77808,355.0
2014-09-04 00:00:00 UTC,369.31736774699,379.9,359.95746
2014-09-05 00:00:00 UTC,375.155579311288,380.26259,369.44797
2014-09-06 00:00:00 UTC,373.138663427573,375.82,370.11
2014-09-07 00:00:00 UTC,371.245798524758,372.9989,368.0
2014-09-08 00:00:00 UTC,364.98673708095,369.8,356.599
2014-09-09 00:00:00 UTC,364.229625042199,367.8251,360.0
2014-09-10 00:00:00 UTC,370.449782584004,377.88751,363.0
2014-09-11 00:00:00 UTC,368.746969623851,371.68,364.69
2014-09-12 00:00:00 UTC,366.44230583825,368.72001,362.0
2014-09-13 00:00:00 UTC,366.137449414914,368.989,362.91
2014-09-14 00:00:00 UTC,367.167732808284,370.00101,363.5
2014-09-15 00:00:00 UTC,365.761779406539,369.60308,361.0
2014-09-16 00:00:00 UTC,362.740751080197,367.77699,357.26
2014-09-17 00:00:00 UTC,354.128205942976,360.8,346.01
2014-09-18 00:00:00 UTC,340.743658789675,352.0,319.01
2014-09-19 00:00:00 UTC,316.204885052187,332.88838,294.99022
2014-09-20 00:00:00 UTC,321.335195398794,336.689,303.62359
2014-09-21 00:00:00 UTC,314.82444762827,322.2774,306.22085
2014-09-22 00:00:00 UTC,313.567106556341,318.51113,308.66
2014-09-23 00:00:00 UTC,319.057349375122,352.0,306.71176
2014-09-24 00:00:00 UTC,334.596660333383,344.93044,325.0
2014-09-25 00:00:00 UTC,322.008780432308,331.6,314.67114
2014-09-26 00:00:00 UTC,317.65595741102,322.0,310.1
2014-09-27 00:00:00 UTC,316.693094717578,320.0,313.0
2014-09-28 00:00:00 UTC,308.611316413369,316.67,291.0
2014-09-29 00:00:00 UTC,296.824536696961,303.65009,290.0
2014-09-30 00:00:00 UTC,299.497772453064,313.0,291.61262
2014-10-01 00:00:00 UTC,305.469946715576,312.0,297.97196
2014-10-02 00:00:00 UTC,299.607263530374,306.71817,293.48
2014-10-03 00:00:00 UTC,292.434388834021,298.2007,280.22
2014-10-04 00:00:00 UTC,276.633034146777,289.971,257.0
2014-10-05 00:00:00 UTC,253.006902963814,274.9,226.0
2014-10-06 00:00:00 UTC,258.684554216629,283.41637,238.208
2014-10-07 00:00:00 UTC,264.218622655127,273.2323,257.107
2014-10-08 00:00:00 UTC,271.556304114749,289.9153,259.051
2014-10-09 00:00:00 UTC,291.648091793384,311.0,277.50303
2014-10-10 00:00:00 UTC,288.080030994984,300.0,279.24715
2014-10-11 00:00:00 UTC,286.23392577668,291.93724,279.00303
2014-10-12 00:00:00 UTC,289.051092089437,301.05,283.0
2014-10-13 00:00:00 UTC,298.839531517392,306.9,291.3271
2014-10-14 00:00:00 UTC,314.093308644291,325.06737,304.47018
2014-10-15 00:00:00 UTC,310.333923862562,319.241,302.1
2014-10-16 00:00:00 UTC,302.597056359649,311.31,288.99
2014-10-17 00:00:00 UTC,297.518875511713,301.17303,292.37
2014-10-18 00:00:00 UTC,301.847890097573,309.999,296.1
2014-10-19 00:00:00 UTC,304.405032083633,309.129,301.18
2014-10-20 00:00:00 UTC,301.241575149806,305.81093,297.76
2014-10-21 00:00:00 UTC,302.472714680103,308.74101,297.07938
2014-10-22 00:00:00 UTC,302.889612354191,305.0,298.51
2014-10-23 00:00:00 UTC,291.529109218269,302.5,280.88888
2014-10-24 00:00:00 UTC,284.323854365711,289.5,278.99999
2014-10-25 00:00:00 UTC,278.134675166393,284.83199,265.0
2014-10-26 00:00:00 UTC,280.31390617435,286.54498,273.51
2014-10-27 00:00:00 UTC,281.755821421931,283.99999,279.0
2014-10-28 00:00:00 UTC,281.000761737616,284.0,278.5
2014-10-29 00:00:00 UTC,274.037426195062,281.85899,266.0
2014-10-30 00:00:00 UTC,269.718536096473,277.87,265.71
2014-10-31 00:00:00 UTC,273.069543380706,276.0,268.01
2014-11-01 00:00:00 UTC,264.025977320609,271.22623,256.30085
2014-11-02 00:00:00 UTC,259.456282735982,264.99,255.32501
2014-11-03 00:00:00 UTC,262.301973809987,266.31,258.03
2014-11-04 00:00:00 UTC,260.471614780889,265.38765,255.15
2014-11-05 00:00:00 UTC,269.584523088062,275.0,261.79491
2014-11-06 00:00:00 UTC,274.018343276252,282.8,269.0
2014-11-07 00:00:00 UTC,277.013516727846,280.88996,272.08302
2014-11-08 00:00:00 UTC,274.490634178886,276.64,270.07999
2014-11-09 00:00:00 UTC,278.479209259253,288.51,273.0124
2014-11-10 00:00:00 UTC,290.371034738254,299.0,282.0
2014-11-11 00:00:00 UTC,292.831743936457,296.0,288.0
2014-11-12 00:00:00 UTC,311.42896867145,335.02002,293.96
2014-11-13 00:00:00 UTC,333.940819330896,354.4023,303.0
2014-11-14 00:00:00 UTC,317.061441639653,330.88987,303.7
2014-11-15 00:00:00 UTC,309.348067008709,324.489,296.1166
2014-11-16 00:00:00 UTC,308.324994409649,315.9323,301.001
2014-11-17 00:00:00 UTC,316.948946250996,325.55894,304.20001
2014-11-18 00:00:00 UTC,307.310938712184,315.98,299.10508
2014-11-19 00:00:00 UTC,304.510015617862,310.87998,300.0
2014-11-20 00:00:00 UTC,294.419744500432,305.0,284.34
2014-11-21 00:00:00 UTC,285.060461925008,289.98,277.0
2014-11-22 00:00:00 UTC,289.069287523155,294.51711,283.0
2014-11-23 00:00:00 UTC,290.520448042184,301.0,285.2
2014-11-24 00:00:00 UTC,302.281063083218,310.64,295.60003
2014-11-25 00:00:00 UTC,306.870083658099,314.253,300.155
2014-11-26 00:00:00 UTC,297.754198146824,301.8388,292.5
2014-11-27 00:00:00 UTC,297.77036554244,299.95,295.15713
2014-11-28 00:00:00 UTC,297.635284558176,306.0,290.1002
2014-11-29 00:00:00 UTC,303.104455325872,309.789,299.0
2014-11-30 00:00:00 UTC,302.062854628719,305.0,299.0
2014-12-01 00:00:00 UTC,302.808449438282,305.0,299.20444
2014-12-02 00:00:00 UTC,303.872430710187,307.77,298.12
2014-12-03 00:00:00 UTC,304.93324119093,307.23104,300.87715
2014-12-04 00:00:00 UTC,303.085616647429,307.1,298.1803
2014-12-05 00:00:00 UTC,301.237729796858,305.0,296.0
2014-12-06 00:00:00 UTC,303.015641832017,304.88,301.14773
2014-12-07 00:00:00 UTC,303.090155676213,304.69999,301.77
2014-12-08 00:00:00 UTC,300.13264507989,304.09,294.17
2014-12-09 00:00:00 UTC,287.279368370843,296.8,278.42503
2014-12-10 00:00:00 UTC,283.792019294223,286.19746,277.83
2014-12-11 00:00:00 UTC,286.001202568872,291.69023,275.36
2014-12-12 00:00:00 UTC,285.658993862208,288.26006,282.012
2014-12-13 00:00:00 UTC,282.058147308112,285.989,279.98566
2014-12-14 00:00:00 UTC,282.471243654371,288.0,278.22
2014-12-15 00:00:00 UTC,283.241645600967,287.01551,280.15121
2014-12-16 00:00:00 UTC,273.043175779294,281.28765,264.0
2014-12-17 00:00:00 UTC,262.727466530781,268.39034,256.66
2014-12-18 00:00:00 UTC,257.439058049003,266.401,250.21911
2014-12-19 00:00:00 UTC,256.963308585234,263.21593,252.34
2014-12-20 00:00:00 UTC,265.393112476821,271.44,258.48218
2014-12-21 00:00:00 UTC,264.956916645612,268.025,261.0
2014-12-22 00:00:00 UTC,267.998565077858,272.45026,261.0
2014-12-23 00:00:00 UTC,272.706306288544,276.0,269.333
2014-12-24 00:00:00 UTC,269.95557947593,275.83551,261.62926
2014-12-25 00:00:00 UTC,262.377533912669,266.37,260.849
2014-12-26 00:00:00 UTC,266.00142495792,271.99999,260.58528
2014-12-27 00:00:00 UTC,263.002658608588,270.02739,258.0
2014-12-28 00:00:00 UTC,261.298182562483,268.0,257.0
2014-12-29 00:00:00 UTC,260.612138272951,264.11753,257.24
2014-12-30 00:00:00 UTC,259.078806381653,262.499,256.571
2014-12-31 00:00:00 UTC,260.213816728962,266.55803,256.86807
2015-01-01 00:00:00 UTC,263.468849892358,266.64803,261.015
2015-01-02 00:00:00 UTC,263.319081659626,265.99,261.0
2015-01-03 00:00:00 UTC,255.185804152213,264.49998,238.0
2015-01-04 00:00:00 UTC,231.952848035368,244.79,221.0
2015-01-05 00:00:00 UTC,229.502351082574,235.698,224.00002
2015-01-06 00:00:00 UTC,233.724663152798,244.66,228.5
2015-01-07 00:00:00 UTC,244.35470188892,255.5,237.1
2015-01-08 00:00:00 UTC,245.952631317776,250.0,240.33
2015-01-09 00:00:00 UTC,242.822458607999,249.0,239.0
2015-01-10 00:00:00 UTC,237.69727011281,247.42233,232.0
2015-01-11 00:00:00 UTC,232.266008511647,237.43,222.88
2015-01-12 00:00:00 UTC,228.670179392978,232.299,225.6
2015-01-13 00:00:00 UTC,205.488020280473,226.9925,188.87283
2015-01-14 00:00:00 UTC,170.384194470324,194.56,148.17122
2015-01-15 00:00:00 UTC,178.387492363672,198.5,152.29501
2015-01-16 00:00:00 UTC,183.885793143119,192.99999,175.0
2015-01-17 00:00:00 UTC,176.362815398977,184.68,172.0
2015-01-18 00:00:00 UTC,180.022448948277,191.50894,170.05
2015-01-19 00:00:00 UTC,184.39060166188,188.9999,180.09
2015-01-20 00:00:00 UTC,184.1444675664,188.07597,179.05
2015-01-21 00:00:00 UTC,186.848152804789,199.0,183.25
2015-01-22 00:00:00 UTC,202.422692938129,207.83,194.8
2015-01-23 00:00:00 UTC,203.856304664142,209.59324,198.27219
2015-01-24 00:00:00 UTC,212.629651641809,223.03754,204.7443
2015-01-25 00:00:00 UTC,222.571870187346,230.24,217.2
2015-01-26 00:00:00 UTC,249.392730962044,275.0,224.18063
2015-01-27 00:00:00 UTC,232.510659903149,245.77,222.26722
2015-01-28 00:00:00 UTC,226.224629865311,237.47072,205.5
2015-01-29 00:00:00 UTC,207.534516425605,214.2,196.48812
2015-01-30 00:00:00 UTC,206.421199074236,214.9999,201.90958
2015-01-31 00:00:00 UTC,203.280137638058,208.79778,193.0
2015-02-01 00:00:00 UTC,194.895036952568,209.88,188.0
2015-02-02 00:00:00 UTC,202.348367272169,213.0,198.0
2015-02-03 00:00:00 UTC,208.732885099172,217.0,197.99
2015-02-04 00:00:00 UTC,199.157102060423,203.24798,194.0
2015-02-05 00:00:00 UTC,197.255710321132,203.105,189.21
2015-02-06 00:00:00 UTC,194.223569611594,199.5,189.16715
2015-02-07 00:00:00 UTC,200.021302232199,204.98,195.908
2015-02-08 00:00:00 UTC,198.679246589461,203.0,195.0
2015-02-09 00:00:00 UTC,195.460835102696,198.37899,191.36
2015-02-10 00:00:00 UTC,193.279141559202,196.97,190.0
2015-02-11 00:00:00 UTC,196.070236909856,198.02,193.33
2015-02-12 00:00:00 UTC,194.846354578209,197.0,193.441
2015-02-13 00:00:00 UTC,203.003576838988,208.78,194.8
2015-02-14 00:00:00 UTC,211.262147721713,223.0,201.26954
2015-02-15 00:00:00 UTC,215.729406603353,228.6,200.0
2015-02-16 00:00:00 UTC,206.026576660324,211.38613,200.0
2015-02-17 00:00:00 UTC,210.211782435569,215.83161,205.0
2015-02-18 00:00:00 UTC,210.916330804864,214.85419,204.10248
2015-02-19 00:00:00 UTC,209.461149406063,214.0,206.13
2015-02-20 00:00:00 UTC,214.235192173237,219.0,210.52
2015-02-21 00:00:00 UTC,214.693002242669,215.75,213.0
2015-02-22 00:00:00 UTC,212.162531938219,215.89999,206.0
2015-02-23 00:00:00 UTC,208.853588280358,212.9999,206.33
2015-02-24 00:00:00 UTC,210.949235558778,213.9493,208.5
2015-02-25 00:00:00 UTC,209.593319750326,211.66,207.05
2015-02-26 00:00:00 UTC,209.290983593853,211.82583,206.0
2015-02-27 00:00:00 UTC,219.198960398236,224.63,209.366
2015-02-28 00:00:00 UTC,220.876079438489,222.5,214.0
2015-03-01 00:00:00 UTC,219.964592307661,225.6599,214.76
2015-03-02 00:00:00 UTC,231.691290313268,246.88,221.55
2015-03-03 00:00:00 UTC,244.260240203872,252.0,233.33302
2015-03-04 00:00:00 UTC,250.023614976309,260.0,240.05
2015-03-05 00:00:00 UTC,244.165814366045,254.48051,234.0
2015-03-06 00:00:00 UTC,248.321355112976,253.92829,243.5
2015-03-07 00:00:00 UTC,250.909490566,254.89,248.0
2015-03-08 00:00:00 UTC,251.741537832283,254.0,248.0
2015-03-09 00:00:00 UTC,257.693376658788,268.76017,248.48003
2015-03-10 00:00:00 UTC,271.256243975449,277.8,264.31677
2015-03-11 00:00:00 UTC,275.660742412967,280.0,269.83695
2015-03-12 00:00:00 UTC,278.113904768586,281.64917,275.01
2015-03-13 00:00:00 UTC,275.565663771925,279.4,268.0
2015-03-14 00:00:00 UTC,271.206261651835,274.08,268.15
2015-03-15 00:00:00 UTC,271.773940337281,275.66591,268.28258
2015-03-16 00:00:00 UTC,277.327219669364,279.89999,272.41638
2015-03-17 00:00:00 UTC,274.242254899312,277.489,268.5
2015-03-18 00:00:00 UTC,260.007350421358,273.45,234.021
2015-03-19 00:00:00 UTC,244.62772615139,253.0387,235.51
2015-03-20 00:00:00 UTC,246.793965388383,252.97,241.0
2015-03-21 00:00:00 UTC,242.714925077287,246.55661,238.25
2015-03-22 00:00:00 UTC,243.69782559341,250.5,240.8329
2015-03-23 00:00:00 UTC,247.513156436601,251.87,240.64
2015-03-24 00:00:00 UTC,236.017062533049,244.67,226.0
2015-03-25 00:00:00 UTC,226.094527091269,229.9,218.5216
2015-03-26 00:00:00 UTC,229.568396048402,235.31,223.99
2015-03-27 00:00:00 UTC,229.208267522886,231.75,226.66008
2015-03-28 00:00:00 UTC,232.007289417845,234.9,227.33
2015-03-29 00:00:00 UTC,226.934266911975,232.79,220.62743
2015-03-30 00:00:00 UTC,227.769466989036,232.0,220.01
2015-03-31 00:00:00 UTC,228.898558958019,231.588,226.10002
2015-04-01 00:00:00 UTC,227.221290972309,230.0,223.82447
2015-04-02 00:00:00 UTC,229.850534256219,235.0,226.85
2015-04-03 00:00:00 UTC,232.580480619059,236.18998,229.65412
2015-04-04 00:00:00 UTC,231.080413837628,232.88,227.90146
2015-04-05 00:00:00 UTC,232.869458481371,236.3,230.181
2015-04-06 00:00:00 UTC,233.469077209952,236.62,229.94
2015-04-07 00:00:00 UTC,232.138891026351,235.49,228.228
2015-04-08 00:00:00 UTC,229.492374631471,234.98138,225.1
2015-04-09 00:00:00 UTC,227.1368718139,229.55649,222.0
2015-04-10 00:00:00 UTC,224.496450565598,228.67,220.01092
2015-04-11 00:00:00 UTC,223.140196082121,226.0,221.0
2015-04-12 00:00:00 UTC,223.450035281806,224.91096,220.2
2015-04-13 00:00:00 UTC,220.757499288658,224.8,210.0
2015-04-14 00:00:00 UTC,209.447918275865,214.6793,204.0
2015-04-15 00:00:00 UTC,209.647644458693,214.13386,206.18
2015-04-16 00:00:00 UTC,212.560808753726,214.987,209.6436
2015-04-17 00:00:00 UTC,209.699945101618,213.15035,206.48191
2015-04-18 00:00:00 UTC,207.998650575121,210.13905,205.8599
2015-04-19 00:00:00 UTC,208.970120477466,211.25,206.4758
2015-04-20 00:00:00 UTC,208.960928061485,211.45871,206.3
2015-04-21 00:00:00 UTC,211.068294826303,220.0,208.39
2015-04-22 00:00:00 UTC,218.381421480107,220.9999,215.79
2015-04-23 00:00:00 UTC,216.870039352772,219.53726,213.69732
2015-04-24 00:00:00 UTC,213.414969881797,217.0,211.04603
2015-04-25 00:00:00 UTC,210.077555099769,213.9673,207.1337
2015-04-26 00:00:00 UTC,202.350954407556,208.45396,198.78972
2015-04-27 00:00:00 UTC,205.488766294758,215.28166,201.67
2015-04-28 00:00:00 UTC,207.200970339613,210.61242,203.92313
2015-04-29 00:00:00 UTC,204.64438733289,207.12,202.0
2015-04-30 00:00:00 UTC,208.123301145858,214.0,202.82588
2015-05-01 00:00:00 UTC,209.782325293783,213.0546,206.8
2015-05-02 00:00:00 UTC,209.515110219743,210.9999,206.85024
2015-05-03 00:00:00 UTC,213.621337930235,216.77454,208.68021
2015-05-04 00:00:00 UTC,213.535413982053,216.9999,210.21
2015-05-05 00:00:00 UTC,210.679997694655,213.95,208.0
2015-05-06 00:00:00 UTC,208.130960239608,210.89998,202.0
2015-05-07 00:00:00 UTC,205.92138647146,213.90475,201.61
2015-05-08 00:00:00 UTC,212.776694632791,218.0,209.6
2015-05-09 00:00:00 UTC,214.045740102089,217.36,210.99999
2015-05-10 00:00:00 UTC,213.626811207787,216.6937,211.37032
2015-05-11 00:00:00 UTC,214.230638143544,217.39374,212.0
2015-05-12 00:00:00 UTC,214.555417439577,215.72998,213.12104
2015-05-13 00:00:00 UTC,213.660290905035,216.0,207.0015
2015-05-14 00:00:00 UTC,207.931092705794,209.6445,204.89
2015-05-15 00:00:00 UTC,208.337393574069,209.9999,206.48
2015-05-16 00:00:00 UTC,207.332235363975,208.8899,204.82368
2015-05-17 00:00:00 UTC,206.429676047905,207.93,204.1209
2015-05-18 00:00:00 UTC,205.858382769447,207.99,202.55213
2015-05-19 00:00:00 UTC,205.58420049339,208.0,202.797
2015-05-20 00:00:00 UTC,207.576836451967,209.69411,204.2
2015-05-21 00:00:00 UTC,208.684930279067,211.0,203.699
2015-05-22 00:00:00 UTC,210.875035758994,215.0,208.0
2015-05-23 00:00:00 UTC,212.997173836969,214.89,208.311
2015-05-24 00:00:00 UTC,211.604222435805,213.9444,208.05001
2015-05-25 00:00:00 UTC,212.04667022302,214.5,208.2228
2015-05-26 00:00:00 UTC,212.864700608932,214.9,210.56001
2015-05-27 00:00:00 UTC,214.163883760535,215.5,212.0
2015-05-28 00:00:00 UTC,214.563122123547,215.94859,212.13
2015-05-29 00:00:00 UTC,214.702760891449,216.5183,212.8
2015-05-30 00:00:00 UTC,212.542203836389,214.75,210.38
2015-05-31 00:00:00 UTC,211.107350589281,212.5,207.376
2015-06-01 00:00:00 UTC,207.372262378646,211.55,202.5
2015-06-02 00:00:00 UTC,204.381161644507,209.2,202.5
2015-06-03 00:00:00 UTC,203.442355884299,205.4999,197.23022
2015-06-04 00:00:00 UTC,200.228719474092,202.29,197.12
2015-06-05 00:00:00 UTC,200.002229979233,203.78687,196.79702
2015-06-06 00:00:00 UTC,201.355037339725,202.18,199.62974
2015-06-07 00:00:00 UTC,201.406679213579,202.89171,199.6
2015-06-08 00:00:00 UTC,201.450963033606,203.61131,200.0
2015-06-09 00:00:00 UTC,202.405080611667,204.55,200.0
2015-06-10 00:00:00 UTC,201.617814476744,202.8326,200.5
2015-06-11 00:00:00 UTC,202.580990419408,204.51,193.92
2015-06-12 00:00:00 UTC,203.238710604131,204.469,202.03
2015-06-13 00:00:00 UTC,203.080937364005,204.0,200.9
2015-06-14 00:00:00 UTC,204.247035525569,205.4,202.3021
2015-06-15 00:00:00 UTC,206.88437436542,209.28,204.0002
2015-06-16 00:00:00 UTC,212.147079849878,221.56,207.48
2015-06-17 00:00:00 UTC,218.753124811963,224.24999,212.58
2015-06-18 00:00:00 UTC,217.502127564862,220.74597,213.0
2015-06-19 00:00:00 UTC,216.87789899241,219.58748,214.0
2015-06-20 00:00:00 UTC,212.94346740801,215.02998,210.0
2015-06-21 00:00:00 UTC,213.035957014369,215.01845,210.92
2015-06-22 00:00:00 UTC,214.882199652154,217.31,212.5
2015-06-23 00:00:00 UTC,216.969959997902,218.21587,215.52
2015-06-24 00:00:00 UTC,215.955627623806,217.15,214.10122
2015-06-25 00:00:00 UTC,215.425090970965,216.5,214.04909
2015-06-26 00:00:00 UTC,215.692721843596,217.5,214.64
2015-06-27 00:00:00 UTC,219.115261753462,225.0,215.62261
2015-06-28 00:00:00 UTC,223.219850613531,226.0,221.20001
2015-06-29 00:00:00 UTC,226.685407284323,229.74421,224.0
2015-06-30 00:00:00 UTC,234.789992873567,240.0,228.0
2015-07-01 00:00:00 UTC,233.691581745885,237.499,229.0
2015-07-02 00:00:00 UTC,231.880888682842,236.2,228.73
2015-07-03 00:00:00 UTC,230.141743806635,231.64078,227.52442
2015-07-04 00:00:00 UTC,231.496053027015,235.1,229.13
2015-07-05 00:00:00 UTC,237.836342391565,247.6344,232.36126
2015-07-06 00:00:00 UTC,246.608509254585,252.0,242.609
2015-07-07 00:00:00 UTC,243.925818715205,247.5,240.62
2015-07-08 00:00:00 UTC,243.961387307855,248.93823,240.42165
2015-07-09 00:00:00 UTC,244.763694091769,247.0,241.61
2015-07-10 00:00:00 UTC,253.080621543037,265.0,243.0
2015-07-11 00:00:00 UTC,261.151946666082,266.95,254.72893
2015-07-12 00:00:00 UTC,272.654437075633,281.21811,261.309
2015-07-13 00:00:00 UTC,265.237331939073,279.5,250.7
2015-07-14 00:00:00 UTC,263.147906895852,267.55555,258.43
2015-07-15 00:00:00 UTC,263.665834914184,265.90778,258.2
2015-07-16 00:00:00 UTC,258.277992299046,265.85,251.25
2015-07-17 00:00:00 UTC,254.359296409114,257.777,248.38
2015-07-18 00:00:00 UTC,255.871776211861,259.74,253.49652
2015-07-19 00:00:00 UTC,253.65992609798,255.44526,250.84
2015-07-20 00:00:00 UTC,253.307728980799,255.1,250.28
2015-07-21 00:00:00 UTC,255.048850198541,258.36585,251.16
2015-07-22 00:00:00 UTC,252.548939928702,254.68627,250.5
2015-07-23 00:00:00 UTC,252.025975877582,253.5667,250.61
2015-07-24 00:00:00 UTC,256.418663503047,261.0,250.38
2015-07-25 00:00:00 UTC,261.22819605542,264.0,258.2
2015-07-26 00:00:00 UTC,262.730061788727,264.999,259.99014
2015-07-27 00:00:00 UTC,261.52197422557,266.0,255.55
2015-07-28 00:00:00 UTC,265.594946601294,267.37282,263.8
2015-07-29 00:00:00 UTC,263.273135412365,266.78493,260.27202
2015-07-30 00:00:00 UTC,262.794704637254,264.25,260.35
2015-07-31 00:00:00 UTC,260.506870378049,264.72498,258.0
2015-08-01 00:00:00 UTC,257.325130452894,259.9,255.0
2015-08-02 00:00:00 UTC,256.04629217581,258.69,252.61008
2015-08-03 00:00:00 UTC,259.602810939388,263.0,256.1026
2015-08-04 00:00:00 UTC,260.797158803082,263.0,257.91
2015-08-05 00:00:00 UTC,260.997837067493,263.25679,259.11
2015-08-06 00:00:00 UTC,257.43337355932,259.49,255.21
2015-08-07 00:00:00 UTC,256.19700148305,258.91,253.63894
2015-08-08 00:00:00 UTC,250.969103188144,257.03014,238.76
2015-08-09 00:00:00 UTC,242.476667859428,246.06,239.1
2015-08-10 00:00:00 UTC,242.81281860545,247.59005,240.8
2015-08-11 00:00:00 UTC,242.589290714745,246.76161,240.4
2015-08-12 00:00:00 UTC,242.471048044462,246.72,239.2
2015-08-13 00:00:00 UTC,239.200156968818,240.8094,237.6
2015-08-14 00:00:00 UTC,239.818954644379,242.42,237.00001
2015-08-15 00:00:00 UTC,241.252182834004,242.62619,238.8
2015-08-16 00:00:00 UTC,237.427032469132,239.589,235.54965
2015-08-17 00:00:00 UTC,236.190053369879,238.47774,234.13
2015-08-18 00:00:00 UTC,233.02861471283,235.29839,214.6
2015-08-19 00:00:00 UTC,213.955850617925,231.2,203.1
2015-08-20 00:00:00 UTC,211.464351989429,214.99,206.3482
2015-08-21 00:00:00 UTC,208.822178104784,212.83,205.21658
2015-08-22 00:00:00 UTC,203.814790044994,207.71,197.5
2015-08-23 00:00:00 UTC,203.806632985936,206.5283,200.34156
2015-08-24 00:00:00 UTC,194.218407352683,202.66,182.66
2015-08-25 00:00:00 UTC,189.581336312179,201.8832,175.0
2015-08-26 00:00:00 UTC,200.542464093645,210.0,193.869
2015-08-27 00:00:00 UTC,201.553272795097,204.5,198.15084
2015-08-28 00:00:00 UTC,204.075089376948,212.42,196.48947
2015-08-29 00:00:00 UTC,206.782944011222,209.4,204.0
2015-08-30 00:00:00 UTC,205.404926753966,209.0,202.5
2015-08-31 00:00:00 UTC,204.897821119854,207.98,201.01506
2015-09-01 00:00:00 UTC,203.758180020334,206.97,200.91561
2015-09-02 00:00:00 UTC,203.619778612717,206.52262,201.41
2015-09-03 00:00:00 UTC,204.246043180134,205.82999,202.12396
2015-09-04 00:00:00 UTC,206.366108166065,208.0,203.58355
2015-09-05 00:00:00 UTC,208.684567966467,213.89311,206.25
2015-09-06 00:00:00 UTC,215.091741574116,218.49,210.711
2015-09-07 00:00:00 UTC,215.58566383828,217.55555,214.21958
2015-09-08 00:00:00 UTC,218.019055594793,220.48298,215.2568
2015-09-09 00:00:00 UTC,215.954303961941,218.99,213.19775
2015-09-10 00:00:00 UTC,213.379968813244,216.39,211.0
2015-09-11 00:00:00 UTC,213.196407980329,214.83,211.82
2015-09-12 00:00:00 UTC,210.977239170999,212.98998,207.43
2015-09-13 00:00:00 UTC,206.261989523304,208.9,202.0
2015-09-14 00:00:00 UTC,204.038419826121,207.2,200.86
2015-09-15 00:00:00 UTC,204.927579210976,205.99,203.58
2015-09-16 00:00:00 UTC,203.595171151462,205.51001,200.11
2015-09-17 00:00:00 UTC,203.981877560161,208.55998,201.67979
2015-09-18 00:00:00 UTC,205.353121402861,206.66,203.50704
2015-09-19 00:00:00 UTC,205.393277427612,206.53,203.88002
2015-09-20 00:00:00 UTC,204.702943952789,205.5,203.50704
2015-09-21 00:00:00 UTC,202.751701787348,204.81,200.631
2015-09-22 00:00:00 UTC,205.321158654773,208.0,201.01
2015-09-23 00:00:00 UTC,206.517636389652,208.0,205.0
2015-09-24 00:00:00 UTC,207.186285726954,210.24,205.24306
2015-09-25 00:00:00 UTC,210.510786563003,213.0,208.1024
2015-09-26 00:00:00 UTC,209.029722764534,210.0,207.3649
2015-09-27 00:00:00 UTC,208.096051212514,209.0,207.0
2015-09-28 00:00:00 UTC,211.396594464765,213.05,207.31998
2015-09-29 00:00:00 UTC,211.341320578958,213.3,209.82248
2015-09-30 00:00:00 UTC,211.176884252046,212.38999,209.14
2015-10-01 00:00:00 UTC,212.270193577298,213.48,211.01
2015-10-02 00:00:00 UTC,212.073565795934,213.9,209.02238
2015-10-03 00:00:00 UTC,212.088007499461,213.0,211.035
2015-10-04 00:00:00 UTC,212.284704732671,212.75,210.6
2015-10-05 00:00:00 UTC,212.412141363348,214.95093,210.0
2015-10-06 00:00:00 UTC,216.068002071275,219.5,214.0111
2015-10-07 00:00:00 UTC,217.414866461672,218.47,215.43
2015-10-08 00:00:00 UTC,216.334916612297,217.31775,214.81002
2015-10-09 00:00:00 UTC,215.073697420648,216.26,213.76258
2015-10-10 00:00:00 UTC,215.145821722094,215.68,214.2
2015-10-11 00:00:00 UTC,215.957340530636,217.99998,214.50002
2015-10-12 00:00:00 UTC,217.010579000975,217.98642,215.35
2015-10-13 00:00:00 UTC,217.915047760316,221.1444,214.90822
2015-10-14 00:00:00 UTC,219.934526291558,222.60998,218.11
2015-10-15 00:00:00 UTC,222.358053142903,224.7599,219.93495
2015-10-16 00:00:00 UTC,227.532982758241,235.59877,222.36683
2015-10-17 00:00:00 UTC,235.373217741229,239.4,229.36
2015-10-18 00:00:00 UTC,232.899264761131,237.98151,225.0
2015-10-19 00:00:00 UTC,232.242137175737,235.5,228.0
2015-10-20 00:00:00 UTC,234.618608494527,238.9999,230.9
2015-10-21 00:00:00 UTC,235.676526881967,238.41912,232.5011
2015-10-22 00:00:00 UTC,241.280710575283,247.23493,234.53
2015-10-23 00:00:00 UTC,248.910519033217,251.20998,245.058
2015-10-24 00:00:00 UTC,253.380733019561,257.5,249.5502
2015-10-25 00:00:00 UTC,260.710147176658,266.95439,252.8
2015-10-26 00:00:00 UTC,256.467313326411,258.7,253.0
2015-10-27 00:00:00 UTC,262.739018209733,267.99,256.91239
2015-10-28 00:00:00 UTC,271.425202840069,277.0,265.49389
2015-10-29 00:00:00 UTC,281.715580370015,291.0,274.0
2015-10-30 00:00:00 UTC,292.95015213382,300.39999,276.0
2015-10-31 00:00:00 UTC,290.669629838427,301.1,273.0
2015-11-01 00:00:00 UTC,286.007957944696,298.2,273.0
2015-11-02 00:00:00 UTC,303.648412583975,329.9,289.88
2015-11-03 00:00:00 UTC,346.532452745769,383.31275,315.0
2015-11-04 00:00:00 UTC,404.082390814936,455.0,305.0
2015-11-05 00:00:00 UTC,365.058489934369,411.0767,330.0
2015-11-06 00:00:00 UTC,342.507585225198,365.31982,324.02
2015-11-07 00:00:00 UTC,353.877856115445,361.87724,341.0
2015-11-08 00:00:00 UTC,353.467810180776,359.9999,340.1
2015-11-09 00:00:00 UTC,347.581633132145,358.0,334.21
2015-11-10 00:00:00 UTC,340.216957077403,353.76964,303.5
2015-11-11 00:00:00 UTC,295.471055283305,319.0,277.01
2015-11-12 00:00:00 UTC,306.120393743475,323.96,292.14
2015-11-13 00:00:00 UTC,310.752043824341,317.88,301.55
2015-11-14 00:00:00 UTC,310.181673154622,315.40088,304.8
2015-11-15 00:00:00 UTC,306.013104914244,311.4413,294.0
2015-11-16 00:00:00 UTC,302.195183013541,311.94,296.52
2015-11-17 00:00:00 UTC,314.21070880247,320.0,309.71842
2015-11-18 00:00:00 UTC,313.671264045319,319.73579,310.0
2015-11-19 00:00:00 UTC,310.198267501794,315.53,303.0
2015-11-20 00:00:00 UTC,300.099713649275,305.4999,292.1
2015-11-21 00:00:00 UTC,305.905138406057,309.56,300.71059
2015-11-22 00:00:00 UTC,305.368267509225,307.45002,302.19
2015-11-23 00:00:00 UTC,305.219564361526,306.9,303.0
2015-11-24 00:00:00 UTC,302.984347163399,305.37577,299.0
2015-11-25 00:00:00 UTC,304.651342900901,311.84,297.56
2015-11-26 00:00:00 UTC,324.071931891755,347.13202,310.0
2015-11-27 00:00:00 UTC,336.565473514474,345.722,328.2
2015-11-28 00:00:00 UTC,336.727383503308,341.0,330.02002
2015-11-29 00:00:00 UTC,341.563156383681,353.41,336.711
2015-11-30 00:00:00 UTC,356.108728378105,361.99999,347.32156
2015-12-01 00:00:00 UTC,346.588926870233,357.9999,333.96721
2015-12-02 00:00:00 UTC,335.612847272801,343.89,326.57156
2015-12-03 00:00:00 UTC,338.986120238819,350.3,329.094
2015-12-04 00:00:00 UTC,332.424841464566,335.99999,326.5
2015-12-05 00:00:00 UTC,344.823214192973,358.74,335.28
2015-12-06 00:00:00 UTC,361.034111895253,369.997,353.38039
2015-12-07 00:00:00 UTC,361.48962706764,368.5499,351.0
2015-12-08 00:00:00 UTC,362.85205317159,379.999,356.72158
2015-12-09 00:00:00 UTC,379.188767030132,387.5,368.10012
2015-12-10 00:00:00 UTC,378.189032877624,383.99998,373.53
2015-12-11 00:00:00 UTC,391.114303730957,407.0,378.2
2015-12-12 00:00:00 UTC,390.902417605594,419.99,368.0
2015-12-13 00:00:00 UTC,394.339742481561,402.3,380.0
2015-12-14 00:00:00 UTC,399.852249293341,407.0,388.68
2015-12-15 00:00:00 UTC,411.232678101894,423.18,397.78
2015-12-16 00:00:00 UTC,415.191354766813,423.1699,398.1
2015-12-17 00:00:00 UTC,416.239130018332,419.0,409.3
2015-12-18 00:00:00 UTC,420.947237787247,424.55,415.01
2015-12-19 00:00:00 UTC,422.850627245873,425.0,415.51
2015-12-20 00:00:00 UTC,414.309838797692,423.2936,393.96464
2015-12-21 00:00:00 UTC,399.299281920942,407.85011,390.2277
2015-12-22 00:00:00 UTC,399.522923191305,404.3,395.001
2015-12-23 00:00:00 UTC,401.473918466082,405.84783,396.7799
2015-12-24 00:00:00 UTC,413.152243945867,417.44,403.06002
2015-12-25 00:00:00 UTC,414.232193575218,418.10001,409.49
2015-12-26 00:00:00 UTC,392.019879797635,416.58,370.82
2015-12-27 00:00:00 UTC,383.525091361,389.5,374.0
2015-12-28 00:00:00 UTC,388.02542788269,392.9287,382.0
2015-12-29 00:00:00 UTC,389.201566540046,396.0,383.0
2015-12-30 00:00:00 UTC,392.944448640213,397.99,386.6
2015-12-31 00:00:00 UTC,391.05214580226,397.99,382.0
2016-01-01 00:00:00 UTC,398.30497169407,402.0,394.0
2016-01-02 00:00:00 UTC,398.63937711511,401.3,396.101
2016-01-03 00:00:00 UTC,394.438425842084,399.28,389.1
2016-01-04 00:00:00 UTC,397.39287386298,402.8012,393.69
2016-01-05 00:00:00 UTC,401.216599757767,404.0,399.04
2016-01-06 00:00:00 UTC,400.911450197501,402.61,397.09
2016-01-07 00:00:00 UTC,414.744088972329,421.6,399.00001
2016-01-08 00:00:00 UTC,419.050159735549,425.99998,411.11
2016-01-09 00:00:00 UTC,413.953922491952,418.0,409.45853
2016-01-10 00:00:00 UTC,408.923767759987,413.24362,404.25978
2016-01-11 00:00:00 UTC,412.954882721246,415.5,408.758
2016-01-12 00:00:00 UTC,412.934660568032,415.45,397.0
2016-01-13 00:00:00 UTC,399.150043049341,404.50748,389.69
2016-01-14 00:00:00 UTC,398.564360363326,400.999,392.4517
2016-01-15 00:00:00 UTC,371.101951079862,398.9899,331.15
2016-01-16 00:00:00 UTC,342.323104373858,361.89999,324.5
2016-01-17 00:00:00 UTC,355.447562931462,361.87,348.78
2016-01-18 00:00:00 UTC,353.511777145543,358.5,344.61001
2016-01-19 00:00:00 UTC,353.733648627827,358.3,347.0
2016-01-20 00:00:00 UTC,361.914900187327,393.3,345.0
2016-01-21 00:00:00 UTC,381.630559572514,390.14,373.0
2016-01-22 00:00:00 UTC,364.375327060067,379.62999,347.23
2016-01-23 00:00:00 UTC,361.273994154647,368.42,353.68952
2016-01-24 00:00:00 UTC,367.641083999543,376.71533,358.29
2016-01-25 00:00:00 UTC,367.019673263302,372.56,358.985
2016-01-26 00:00:00 UTC,364.605719439089,369.56999,361.25
2016-01-27 00:00:00 UTC,364.528602698904,366.99,361.99
2016-01-28 00:00:00 UTC,353.232480243842,364.95799,346.26936
2016-01-29 00:00:00 UTC,348.05838229325,357.0,333.97866
2016-01-30 00:00:00 UTC,350.026260372331,351.99,347.2711
2016-01-31 00:00:00 UTC,350.043966196506,351.68733,341.5
2016-02-01 00:00:00 UTC,344.834269020774,350.0,340.40001
2016-02-02 00:00:00 UTC,343.063818881313,344.99,339.911
2016-02-03 00:00:00 UTC,339.325561443467,343.6,332.911
2016-02-04 00:00:00 UTC,340.078224315743,351.0,333.90847
2016-02-05 00:00:00 UTC,346.691653116713,350.0,343.19783
2016-02-06 00:00:00 UTC,336.966001909506,346.2,330.22
2016-02-07 00:00:00 UTC,336.972373690692,341.77135,332.8332
2016-02-08 00:00:00 UTC,336.515480537344,340.0,330.04223
2016-02-09 00:00:00 UTC,332.793364353893,336.5,330.45
2016-02-10 00:00:00 UTC,336.196206705821,343.25,330.84379
2016-02-11 00:00:00 UTC,334.422840469455,340.63063,327.45688
2016-02-12 00:00:00 UTC,336.636876402097,339.98288,332.00581
2016-02-13 00:00:00 UTC,343.857102315824,347.0,339.37545
2016-02-14 00:00:00 UTC,352.833971615074,361.65488,346.139
2016-02-15 00:00:00 UTC,357.80507084512,364.46999,352.15
2016-02-16 00:00:00 UTC,360.968894278623,367.22281,355.4501
2016-02-17 00:00:00 UTC,370.21703189895,377.5,362.211
2016-02-18 00:00:00 UTC,376.922282921655,382.59689,370.5
2016-02-19 00:00:00 UTC,376.6139987959,379.68,371.67
2016-02-20 00:00:00 UTC,385.488626081658,397.871,375.25542
2016-02-21 00:00:00 UTC,390.72280311515,400.0,380.0
2016-02-22 00:00:00 UTC,388.871102478977,395.0,377.111
2016-02-23 00:00:00 UTC,385.558193469025,395.6,376.63729
2016-02-24 00:00:00 UTC,381.575781423219,385.75539,373.122
2016-02-25 00:00:00 UTC,383.111493433986,387.98,378.1
2016-02-26 00:00:00 UTC,385.00580294474,395.5961,378.50001
2016-02-27 00:00:00 UTC,393.599307446041,397.48845,391.001
2016-02-28 00:00:00 UTC,389.171329932812,395.4,383.15022
2016-02-29 00:00:00 UTC,396.198770344238,399.99,389.911
2016-03-01 00:00:00 UTC,397.010480595041,399.833,391.78
2016-03-02 00:00:00 UTC,394.979772025436,397.96,386.559
2016-03-03 00:00:00 UTC,386.107590172229,390.0,381.0
2016-03-04 00:00:00 UTC,382.316430564371,387.499,369.469
2016-03-05 00:00:00 UTC,365.068930206181,371.699,352.78
2016-03-06 00:00:00 UTC,364.664476416759,371.88,354.0
2016-03-07 00:00:00 UTC,370.875320072066,375.83,363.43
2016-03-08 00:00:00 UTC,372.993456048947,376.0,369.73
2016-03-09 00:00:00 UTC,373.765705800257,375.99,371.079
2016-03-10 00:00:00 UTC,374.221427896495,381.0,371.4
2016-03-11 00:00:00 UTC,376.846889238319,381.5,371.616
2016-03-12 00:00:00 UTC,368.789759023253,377.975,363.205
2016-03-13 00:00:00 UTC,368.283556009982,372.0,365.755
2016-03-14 00:00:00 UTC,371.412930495405,374.5,367.002
2016-03-15 00:00:00 UTC,374.368409155444,376.049,371.911
2016-03-16 00:00:00 UTC,373.762052353359,375.99,371.311
2016-03-17 00:00:00 UTC,372.522880886353,375.0,370.13
2016-03-18 00:00:00 UTC,367.024671046172,372.838,359.001
2016-03-19 00:00:00 UTC,362.949539661544,365.494,359.58
2016-03-20 00:00:00 UTC,365.721276507904,367.77,363.363
2016-03-21 00:00:00 UTC,364.555549073167,367.99,361.615
2016-03-22 00:00:00 UTC,370.652482733233,372.9,366.0
2016-03-23 00:00:00 UTC,371.919209143735,374.262,369.769
2016-03-24 00:00:00 UTC,372.75953964392,375.0,370.5
2016-03-25 00:00:00 UTC,372.91899218706,374.21,370.275
2016-03-26 00:00:00 UTC,373.901193945903,375.5,372.53
2016-03-27 00:00:00 UTC,377.156961924631,385.991,373.002
2016-03-28 00:00:00 UTC,379.313774895984,382.99,376.043
2016-03-29 00:00:00 UTC,373.259089714027,379.789,364.0
2016-03-30 00:00:00 UTC,366.064505701233,369.319,362.0
2016-03-31 00:00:00 UTC,367.341025711552,369.859,364.0
2016-04-01 00:00:00 UTC,367.297792146426,369.528,365.567
2016-04-02 00:00:00 UTC,370.320201874284,372.2,367.343
2016-04-03 00:00:00 UTC,369.318702332165,371.0,367.476
2016-04-04 00:00:00 UTC,369.09184061677,370.99,366.323
2016-04-05 00:00:00 UTC,371.341859578284,372.989,368.32
2016-04-06 00:00:00 UTC,372.326066828245,373.99,370.255
2016-04-07 00:00:00 UTC,371.068914070429,372.99,367.41
2016-04-08 00:00:00 UTC,371.854935930539,374.47,366.72
2016-04-09 00:00:00 UTC,367.207942839124,369.017,364.3
2016-04-10 00:00:00 UTC,368.904323718533,371.98,366.751
2016-04-11 00:00:00 UTC,370.279243761441,371.398,368.397
2016-04-12 00:00:00 UTC,373.475247847268,375.889,370.75
2016-04-13 00:00:00 UTC,375.040174780534,377.0,372.378
2016-04-14 00:00:00 UTC,376.622682580423,377.988,374.932
2016-04-15 00:00:00 UTC,379.505053211819,381.892,377.18
2016-04-16 00:00:00 UTC,381.626205110168,384.271,379.364
2016-04-17 00:00:00 UTC,378.770596200824,381.863,375.255
2016-04-18 00:00:00 UTC,378.87492674167,380.89,377.0
2016-04-19 00:00:00 UTC,378.598305244501,384.66,376.498
2016-04-20 00:00:00 UTC,386.27647313586,393.0,382.5
2016-04-21 00:00:00 UTC,393.272623058593,399.9,388.12
2016-04-22 00:00:00 UTC,396.132920128317,399.0,392.7
2016-04-23 00:00:00 UTC,397.673994590018,402.92,395.1
2016-04-24 00:00:00 UTC,404.207694598832,410.794,398.464
2016-04-25 00:00:00 UTC,408.843302413102,416.911,402.174
2016-04-26 00:00:00 UTC,413.286768224049,417.2,408.875
2016-04-27 00:00:00 UTC,407.560995251612,415.268,391.738
2016-04-28 00:00:00 UTC,394.043014368794,397.987,384.31
2016-04-29 00:00:00 UTC,396.223520636513,399.99,392.624
2016-04-30 00:00:00 UTC,396.525946908606,399.98,390.26
2016-05-01 00:00:00 UTC,394.381840211178,397.281,390.993
2016-05-02 00:00:00 UTC,389.212306032696,395.99,382.0
2016-05-03 00:00:00 UTC,388.699834325521,394.0,384.1
2016-05-04 00:00:00 UTC,390.725125388915,393.8,387.278
2016-05-05 00:00:00 UTC,392.409161811713,394.49,389.717
2016-05-06 00:00:00 UTC,396.865046578704,405.85,392.242
2016-05-07 00:00:00 UTC,403.4523337876,405.66,401.59
2016-05-08 00:00:00 UTC,402.620712656198,404.975,399.93
2016-05-09 00:00:00 UTC,403.786976778224,407.99,400.456
2016-05-10 00:00:00 UTC,402.354949865723,406.99,394.551
2016-05-11 00:00:00 UTC,398.570125829718,401.02,395.0
2016-05-12 00:00:00 UTC,397.025762222187,401.98,393.794
2016-05-13 00:00:00 UTC,401.821283704167,404.68,398.472
2016-05-14 00:00:00 UTC,402.688529497337,404.6,399.784
2016-05-15 00:00:00 UTC,403.346178802643,406.2,401.333
2016-05-16 00:00:00 UTC,403.122442873095,405.5,399.785
2016-05-17 00:00:00 UTC,401.686220473443,402.99,400.0
2016-05-18 00:00:00 UTC,403.59060276715,405.61,400.656
2016-05-19 00:00:00 UTC,400.105247714338,405.0,388.242
2016-05-20 00:00:00 UTC,394.871316784112,398.5,388.279
2016-05-21 00:00:00 UTC,395.535176631785,396.99,394.16
2016-05-22 00:00:00 UTC,393.082888443288,395.999,390.0
2016-05-23 00:00:00 UTC,392.786831575821,395.982,387.646
2016-05-24 00:00:00 UTC,396.946111558578,400.392,390.49
2016-05-25 00:00:00 UTC,401.185066345147,403.42,398.29
2016-05-26 00:00:00 UTC,402.669263277959,404.99,399.001
2016-05-27 00:00:00 UTC,421.23279049593,428.28,403.73
2016-05-28 00:00:00 UTC,444.504648547104,484.5,422.001
2016-05-29 00:00:00 UTC,468.88100947915,497.66,452.369
2016-05-30 00:00:00 UTC,477.235369800637,486.999,463.5
2016-05-31 00:00:00 UTC,479.268118034735,488.818,464.0
2016-06-01 00:00:00 UTC,477.738654686033,485.47,469.16
2016-06-02 00:00:00 UTC,479.713440995505,484.89,474.693
2016-06-03 00:00:00 UTC,493.424134071993,508.713,481.3
2016-06-04 00:00:00 UTC,504.607291307139,520.81,493.78
2016-06-05 00:00:00 UTC,508.062558032577,515.388,500.0
2016-06-06 00:00:00 UTC,513.171385170991,518.099,505.39
2016-06-07 00:00:00 UTC,512.205049479335,519.971,490.021
2016-06-08 00:00:00 UTC,508.282789720892,512.56,502.98
2016-06-09 00:00:00 UTC,509.169462430712,512.87,505.04
2016-06-10 00:00:00 UTC,512.177196503469,516.737,508.5
2016-06-11 00:00:00 UTC,520.096419096524,545.0,515.61
2016-06-12 00:00:00 UTC,568.59139106588,609.99,536.64
2016-06-13 00:00:00 UTC,611.471311367583,634.879,580.396
2016-06-14 00:00:00 UTC,611.741568819098,624.46,587.34
2016-06-15 00:00:00 UTC,610.684924475146,619.9,598.24
2016-06-16 00:00:00 UTC,661.465484835623,696.267,617.0
2016-06-17 00:00:00 UTC,666.558722199018,690.28,624.928
2016-06-18 00:00:00 UTC,669.597681369328,694.26,643.362
2016-06-19 00:00:00 UTC,673.354526482565,683.122,660.015
2016-06-20 00:00:00 UTC,663.498019275735,678.309,622.569
2016-06-21 00:00:00 UTC,603.744678364261,649.802,561.67
2016-06-22 00:00:00 UTC,579.587433848023,605.5,512.358
2016-06-23 00:00:00 UTC,525.880860432649,565.5,490.256
2016-06-24 00:00:00 UTC,600.187484870891,645.192,552.282
2016-06-25 00:00:00 UTC,612.60206104643,628.0,584.0
2016-06-26 00:00:00 UTC,587.356003402098,610.0,555.999
2016-06-27 00:00:00 UTC,587.859542810595,602.75,568.12
2016-06-28 00:00:00 UTC,591.541183590425,605.0,579.176
2016-06-29 00:00:00 UTC,574.284624468219,587.006,555.634
2016-06-30 00:00:00 UTC,591.925844197217,614.027,573.0
2016-07-01 00:00:00 UTC,610.74430711342,619.95,601.976
2016-07-02 00:00:00 UTC,619.005709900092,632.978,606.39
2016-07-03 00:00:00 UTC,608.001061099065,634.0,581.85
2016-07-04 00:00:00 UTC,605.123811771224,617.222,583.32
2016-07-05 00:00:00 UTC,608.725200269693,615.789,600.0
2016-07-06 00:00:00 UTC,613.737556227425,620.55,607.141
2016-07-07 00:00:00 UTC,584.411746476058,618.486,553.85
2016-07-08 00:00:00 UTC,590.897116574615,610.0,576.481
2016-07-09 00:00:00 UTC,593.962445125859,609.998,562.522
2016-07-10 00:00:00 UTC,588.485490784994,593.75,582.99
2016-07-11 00:00:00 UTC,589.598346672459,597.0,584.141
2016-07-12 00:00:00 UTC,596.14077972331,611.8,585.0
2016-07-13 00:00:00 UTC,600.900334109335,606.728,592.55
2016-07-14 00:00:00 UTC,596.157197304506,600.99,590.5
2016-07-15 00:00:00 UTC,602.064045152878,606.739,596.013
2016-07-16 00:00:00 UTC,603.50879991737,605.99,599.356
2016-07-17 00:00:00 UTC,609.872556406244,622.65,603.0
2016-07-18 00:00:00 UTC,614.340531610427,619.873,602.072
2016-07-19 00:00:00 UTC,610.560724406574,612.99,607.311
2016-07-20 00:00:00 UTC,608.72746236974,612.99,600.0
2016-07-21 00:00:00 UTC,603.767526393345,606.99,598.841
2016-07-22 00:00:00 UTC,600.660266426852,605.97,590.0
2016-07-23 00:00:00 UTC,599.08848284954,602.99,591.977
2016-07-24 00:00:00 UTC,600.893674794701,605.525,596.905
2016-07-25 00:00:00 UTC,597.707339845994,604.7,591.088
2016-07-26 00:00:00 UTC,591.714531249294,596.36,581.05
2016-07-27 00:00:00 UTC,593.007726249874,598.1,586.666
2016-07-28 00:00:00 UTC,591.717585776806,595.0,587.802
2016-07-29 00:00:00 UTC,589.705989960653,591.889,587.438
2016-07-30 00:00:00 UTC,586.91384210722,589.303,584.229
2016-07-31 00:00:00 UTC,568.373916236543,589.303,553.22
2016-08-01 00:00:00 UTC,551.543998354421,589.303,530.018
2016-08-02 00:00:00 UTC,521.990787204894,589.303,430.0
2016-08-03 00:00:00 UTC,493.303534422767,518.99,462.62
2016-08-04 00:00:00 UTC,520.193824090109,529.0,508.0
2016-08-05 00:00:00 UTC,521.176138947261,525.379,514.756
2016-08-06 00:00:00 UTC,523.134724020331,537.99,515.0
2016-08-07 00:00:00 UTC,537.901201145567,548.24,530.321
2016-08-08 00:00:00 UTC,538.347189422963,541.816,534.006
2016-08-09 00:00:00 UTC,533.741130022162,537.326,528.8
2016-08-10 00:00:00 UTC,531.905450914709,540.0,521.0
2016-08-11 00:00:00 UTC,533.26634620061,537.5,527.39
2016-08-12 00:00:00 UTC,526.546323140895,529.688,521.31
2016-08-13 00:00:00 UTC,526.696279445519,528.98,522.927
2016-08-14 00:00:00 UTC,516.421045503949,525.909,502.0
2016-08-15 00:00:00 UTC,509.468978083218,513.517,501.11
2016-08-16 00:00:00 UTC,510.375585766975,521.13,503.032
2016-08-17 00:00:00 UTC,512.352684936269,517.944,506.21
2016-08-18 00:00:00 UTC,508.341086403045,511.486,505.7
2016-08-19 00:00:00 UTC,509.176140337263,513.67,505.701
2016-08-20 00:00:00 UTC,512.795441128363,518.05,507.9
2016-08-21 00:00:00 UTC,515.420000718736,517.83,511.22
2016-08-22 00:00:00 UTC,517.05693328045,520.95,513.482
2016-08-23 00:00:00 UTC,516.809504290988,519.817,513.563
2016-08-24 00:00:00 UTC,515.401353892998,517.592,513.0
2016-08-25 00:00:00 UTC,510.606259077426,515.739,508.001
2016-08-26 00:00:00 UTC,512.662326719182,516.498,508.21
2016-08-27 00:00:00 UTC,511.221885789125,516.498,505.55
2016-08-28 00:00:00 UTC,510.710697998725,512.99,507.462
2016-08-29 00:00:00 UTC,513.417223918202,516.587,510.999
2016-08-30 00:00:00 UTC,515.953408292174,518.54,511.683
2016-08-31 00:00:00 UTC,514.412698164732,518.11,511.736
2016-09-01 00:00:00 UTC,511.853050492476,514.96,508.91
2016-09-02 00:00:00 UTC,511.072467021799,514.0,507.698
2016-09-03 00:00:00 UTC,516.935278499144,535.09,511.44
2016-09-04 00:00:00 UTC,537.974909441623,549.0,530.501
2016-09-05 00:00:00 UTC,540.874604249004,543.99,536.889
2016-09-06 00:00:00 UTC,542.819867158447,547.496,538.851
2016-09-07 00:00:00 UTC,543.885513087504,546.99,538.14
2016-09-08 00:00:00 UTC,551.970217089242,557.43,544.645
2016-09-09 00:00:00 UTC,553.720773186174,557.0,548.0
2016-09-10 00:00:00 UTC,556.151801670345,557.855,553.839
2016-09-11 00:00:00 UTC,551.973005201033,562.499,524.888
2016-09-12 00:00:00 UTC,540.715161472741,542.776,538.185
2016-09-13 00:00:00 UTC,543.016816135293,547.168,540.0
2016-09-14 00:00:00 UTC,544.586615932372,546.89,542.0
2016-09-15 00:00:00 UTC,542.678882817948,544.96,540.0
2016-09-16 00:00:00 UTC,543.332106593351,545.0,540.017
2016-09-17 00:00:00 UTC,543.706540951115,544.68,541.601
2016-09-18 00:00:00 UTC,544.130500055815,546.0,541.674
2016-09-19 00:00:00 UTC,544.703112464765,546.225,543.267
2016-09-20 00:00:00 UTC,543.965379704085,545.355,539.0
2016-09-21 00:00:00 UTC,535.447250462227,540.0,520.477
2016-09-22 00:00:00 UTC,532.079971389496,534.751,529.116
2016-09-23 00:00:00 UTC,534.593309325356,538.0,530.0
2016-09-24 00:00:00 UTC,538.517583595156,539.99,536.311
2016-09-25 00:00:00 UTC,536.623815761528,538.859,534.12
2016-09-26 00:00:00 UTC,539.2247033522,542.828,535.04
2016-09-27 00:00:00 UTC,541.710112064922,546.0,539.427
2016-09-28 00:00:00 UTC,542.085305908346,547.692,539.751
2016-09-29 00:00:00 UTC,541.953359825834,545.13,539.586
2016-09-30 00:00:00 UTC,543.169469865305,547.172,540.02
2016-10-01 00:00:00 UTC,549.06178759945,553.839,546.22
2016-10-02 00:00:00 UTC,547.73221838817,550.8,544.001
2016-10-03 00:00:00 UTC,546.946444861394,548.973,544.244
2016-10-04 00:00:00 UTC,546.581756619168,548.0,544.0
2016-10-05 00:00:00 UTC,548.432781827525,552.483,544.881
2016-10-06 00:00:00 UTC,550.576679305583,553.38,547.782
2016-10-07 00:00:00 UTC,555.653172636609,560.79,550.007
2016-10-08 00:00:00 UTC,556.107496836772,559.46,552.266
2016-10-09 00:00:00 UTC,554.088278585628,555.966,551.91
2016-10-10 00:00:00 UTC,555.97324668349,558.854,551.72
2016-10-11 00:00:00 UTC,573.139436719654,586.61,556.171
2016-10-12 00:00:00 UTC,580.194435519773,584.77,576.502
2016-10-13 00:00:00 UTC,577.379427565939,579.99,572.5
2016-10-14 00:00:00 UTC,580.373329695433,584.7,573.941
2016-10-15 00:00:00 UTC,584.484906213074,587.562,578.711
2016-10-16 00:00:00 UTC,584.578560113974,587.042,581.99
2016-10-17 00:00:00 UTC,582.839983706381,584.99,580.119
2016-10-18 00:00:00 UTC,581.575725413028,585.345,578.43
2016-10-19 00:00:00 UTC,578.801525134704,582.99,572.51
2016-10-20 00:00:00 UTC,578.055982395392,583.0,574.019
2016-10-21 00:00:00 UTC,582.307361491683,584.0,579.393
2016-10-22 00:00:00 UTC,591.19636524328,609.632,581.623
2016-10-23 00:00:00 UTC,601.46216476168,605.88,597.3
2016-10-24 00:00:00 UTC,599.386833620717,601.99,596.0
2016-10-25 00:00:00 UTC,604.417941863208,614.979,599.981
2016-10-26 00:00:00 UTC,613.172947662322,626.0,604.122
2016-10-27 00:00:00 UTC,628.494892266501,635.12,619.811
2016-10-28 00:00:00 UTC,629.840114854647,634.0,626.22
2016-10-29 00:00:00 UTC,641.334289119078,650.0,627.66
2016-10-30 00:00:00 UTC,635.074690771397,643.321,626.0
2016-10-31 00:00:00 UTC,635.796224704625,646.223,616.51
2016-11-01 00:00:00 UTC,654.292760803673,666.339,634.394
2016-11-02 00:00:00 UTC,656.102152816956,669.499,648.0
2016-11-03 00:00:00 UTC,652.721637710691,672.4,604.26
2016-11-04 00:00:00 UTC,630.125157693506,638.165,614.254
2016-11-05 00:00:00 UTC,629.629209473469,634.7,621.364
2016-11-06 00:00:00 UTC,636.468205640054,643.0,625.0
2016-11-07 00:00:00 UTC,635.659760420072,640.58,629.345
2016-11-08 00:00:00 UTC,639.248958638841,650.411,632.0
2016-11-09 00:00:00 UTC,658.336317400732,669.0,638.5
2016-11-10 00:00:00 UTC,655.628112685415,662.038,651.0
2016-11-11 00:00:00 UTC,659.281434097879,664.262,653.592
2016-11-12 00:00:00 UTC,653.453792389629,661.999,643.349
2016-11-13 00:00:00 UTC,639.929345557866,648.925,628.033
2016-11-14 00:00:00 UTC,652.234933358901,659.2,643.14
2016-11-15 00:00:00 UTC,660.536464502014,667.99,653.987
2016-11-16 00:00:00 UTC,675.300251147758,697.39,659.031
2016-11-17 00:00:00 UTC,694.072676937066,699.99,677.86
2016-11-18 00:00:00 UTC,699.645752714772,710.448,685.127
2016-11-19 00:00:00 UTC,705.769641716428,714.99,691.0
2016-11-20 00:00:00 UTC,698.465210456077,710.0,670.01
2016-11-21 00:00:00 UTC,693.235724238688,701.444,686.54
2016-11-22 00:00:00 UTC,700.206801325622,713.5,689.01
2016-11-23 00:00:00 UTC,701.748252680523,707.699,692.1
2016-11-24 00:00:00 UTC,700.854470214875,705.0,692.1
2016-11-25 00:00:00 UTC,697.129879526241,702.489,691.306
2016-11-26 00:00:00 UTC,696.632472497964,702.679,685.22
2016-11-27 00:00:00 UTC,694.482333034089,699.11,688.1
2016-11-28 00:00:00 UTC,693.772593187565,698.5,689.0
2016-11-29 00:00:00 UTC,693.639524243792,695.99,690.0
2016-11-30 00:00:00 UTC,698.532900168196,703.83,689.862
2016-12-01 00:00:00 UTC,707.062700129244,712.55,699.301
2016-12-02 00:00:00 UTC,723.09437752317,736.0,706.617
2016-12-03 00:00:00 UTC,722.495339813128,729.976,713.1
2016-12-04 00:00:00 UTC,724.963459747685,735.12,719.28
2016-12-05 00:00:00 UTC,714.826469389792,735.12,702.0
2016-12-06 00:00:00 UTC,713.740511348568,720.0,704.24
2016-12-07 00:00:00 UTC,718.320090447644,724.842,711.944
2016-12-08 00:00:00 UTC,722.79138321948,729.98,712.95
2016-12-09 00:00:00 UTC,730.682905215467,735.7,724.311
2016-12-10 00:00:00 UTC,735.894526454712,738.2,732.611
2016-12-11 00:00:00 UTC,728.815359672972,735.121,723.597
2016-12-12 00:00:00 UTC,736.16314894214,743.45,730.57
2016-12-13 00:00:00 UTC,737.426839026033,743.311,727.19
2016-12-14 00:00:00 UTC,737.605729373,740.87,730.604
2016-12-15 00:00:00 UTC,745.451233834497,750.82,739.752
2016-12-16 00:00:00 UTC,750.744105124843,756.718,746.06
2016-12-17 00:00:00 UTC,759.091641336807,762.3,751.81
2016-12-18 00:00:00 UTC,758.280659083739,760.98,752.79
2016-12-19 00:00:00 UTC,761.70651299088,765.342,756.8
2016-12-20 00:00:00 UTC,767.869547342168,779.0,761.231
2016-12-21 00:00:00 UTC,785.748558408426,800.0,774.0
2016-12-22 00:00:00 UTC,821.917958859988,839.9,797.29
2016-12-23 00:00:00 UTC,864.073520043981,889.712,824.66
2016-12-24 00:00:00 UTC,865.025477754944,888.859,845.967
2016-12-25 00:00:00 UTC,838.828983777954,861.449,812.0
2016-12-26 00:00:00 UTC,862.267204923926,874.46,850.0
2016-12-27 00:00:00 UTC,879.202086981042,899.79,856.835
2016-12-28 00:00:00 UTC,919.317762830002,939.989,891.953
2016-12-29 00:00:00 UTC,929.196709778314,940.0,907.5
2016-12-30 00:00:00 UTC,908.816306233769,926.15,881.03
2016-12-31 00:00:00 UTC,910.04396882625,919.85,895.0
2017-01-01 00:00:00 UTC,927.323572292242,953.899,907.83
2017-01-02 00:00:00 UTC,964.707319844075,984.011,943.0
2017-01-03 00:00:00 UTC,977.61812238797,995.9,960.2
2017-01-04 00:00:00 UTC,1035.54511554935,1089.0,993.069
2017-01-05 00:00:00 UTC,997.029192425159,1087.43,895.2
2017-01-06 00:00:00 UTC,888.14966472443,978.999,827.72
2017-01-07 00:00:00 UTC,829.179391794455,862.117,771.0
2017-01-08 00:00:00 UTC,872.032058968109,891.84,844.23
2017-01-09 00:00:00 UTC,852.845978074684,868.0,831.691
2017-01-10 00:00:00 UTC,863.988943095509,874.0,854.381
2017-01-11 00:00:00 UTC,813.595344823492,876.0,741.0
2017-01-12 00:00:00 UTC,746.552542526436,791.22,716.312
2017-01-13 00:00:00 UTC,767.273124632116,791.22,737.78
2017-01-14 00:00:00 UTC,784.162886465481,797.3,763.113
2017-01-15 00:00:00 UTC,774.740563508346,783.369,765.0
2017-01-16 00:00:00 UTC,787.267895947859,799.0,770.111
2017-01-17 00:00:00 UTC,831.223719169072,859.0,790.496
2017-01-18 00:00:00 UTC,834.723433932691,860.0,803.28
2017-01-19 00:00:00 UTC,844.402576101913,855.0,832.491
2017-01-20 00:00:00 UTC,842.920088579255,850.0,830.0
2017-01-21 00:00:00 UTC,861.021964212562,870.866,839.44
2017-01-22 00:00:00 UTC,866.565032374321,879.999,837.111
2017-01-23 00:00:00 UTC,862.350652870672,873.66,852.69
2017-01-24 00:00:00 UTC,848.593694199301,865.769,830.1
2017-01-25 00:00:00 UTC,837.623430781236,843.99,830.223
2017-01-26 00:00:00 UTC,848.411433540722,863.94,834.0
2017-01-27 00:00:00 UTC,860.641837773359,870.269,852.89
2017-01-28 00:00:00 UTC,862.686716270024,865.77,860.12
2017-01-29 00:00:00 UTC,860.588723162989,862.99,853.26
2017-01-30 00:00:00 UTC,859.331306192932,866.34,848.159
2017-01-31 00:00:00 UTC,878.993619969142,901.249,859.16
2017-02-01 00:00:00 UTC,907.750438171175,919.85,896.57
2017-02-02 00:00:00 UTC,924.24531127104,942.479,908.1
2017-02-03 00:00:00 UTC,943.619467614578,957.312,923.84
2017-02-04 00:00:00 UTC,946.434621772787,967.416,933.0
2017-02-05 00:00:00 UTC,949.254939521104,959.7,935.0
2017-02-06 00:00:00 UTC,952.3783985802,959.7,940.0
2017-02-07 00:00:00 UTC,975.720541238244,990.0,952.72
2017-02-08 00:00:00 UTC,988.191197060017,1000.12,963.319
2017-02-09 00:00:00 UTC,959.8678683373,1007.48,847.999
2017-02-10 00:00:00 UTC,918.953680549352,949.0,886.0
2017-02-11 00:00:00 UTC,949.042075890451,956.7,935.0
2017-02-12 00:00:00 UTC,946.014889179334,953.0,940.3
2017-02-13 00:00:00 UTC,943.437818945962,948.99,916.939
2017-02-14 00:00:00 UTC,951.619054199185,964.16,935.44
2017-02-15 00:00:00 UTC,958.817518786943,965.0,951.95
2017-02-16 00:00:00 UTC,972.692047084007,988.89,958.11
2017-02-17 00:00:00 UTC,988.452605626669,999.828,975.0
2017-02-18 00:00:00 UTC,999.191788851815,1005.381,989.775
2017-02-19 00:00:00 UTC,992.532181892224,999.799,976.99
2017-02-20 00:00:00 UTC,997.141998859018,1024.97,985.19
2017-02-21 00:00:00 UTC,1040.76708173014,1063.87,1015.78
2017-02-22 00:00:00 UTC,1061.03785835379,1074.219,1046.68
2017-02-23 00:00:00 UTC,1083.96347780225,1124.484,1062.48
2017-02-24 00:00:00 UTC,1119.42481769007,1147.23,1071.1
2017-02-25 00:00:00 UTC,1105.96562357393,1122.1,1072.43
2017-02-26 00:00:00 UTC,1099.79642207686,1118.246,1073.14
2017-02-27 00:00:00 UTC,1117.55837049194,1125.0,1104.449
2017-02-28 00:00:00 UTC,1119.7212671973,1134.22,1109.5
2017-03-01 00:00:00 UTC,1137.58767452111,1164.0,1114.1
2017-03-02 00:00:00 UTC,1171.96205891402,1200.09,1140.549
2017-03-03 00:00:00 UTC,1201.39760154884,1225.0,1180.61856
2017-03-04 00:00:00 UTC,1195.51628394897,1209.99,1157.77
2017-03-05 00:00:00 UTC,1183.9558929352,1197.095,1167.5
2017-03-06 00:00:00 UTC,1201.16502883838,1213.0,1184.712
2017-03-07 00:00:00 UTC,1183.0096506743,1208.9,1128.01
2017-03-08 00:00:00 UTC,1129.63291779493,1173.33,1063.0
2017-03-09 00:00:00 UTC,1108.26161062618,1137.72,1059.83
2017-03-10 00:00:00 UTC,1133.12383770294,1227.45,952.931
2017-03-11 00:00:00 UTC,1094.61324734999,1128.959,1032.416
2017-03-12 00:00:00 UTC,1121.93187224874,1159.51,1100.944
2017-03-13 00:00:00 UTC,1146.45904625509,1162.41,1126.1
2017-03-14 00:00:00 UTC,1159.71239621986,1178.0,1140.543
2017-03-15 00:00:00 UTC,1168.08619979189,1179.498,1160.0
2017-03-16 00:00:00 UTC,1123.83315286612,1168.669,1010.0
2017-03-17 00:00:00 UTC,1031.57128972765,1074.97,975.0
2017-03-18 00:00:00 UTC,949.242602507049,1017.659,850.0
2017-03-19 00:00:00 UTC,926.849379327403,984.419,876.774
2017-03-20 00:00:00 UTC,954.704513077539,977.009,925.72
2017-03-21 00:00:00 UTC,1000.24378160974,1030.0,951.523
2017-03-22 00:00:00 UTC,973.715075950175,1026.998,911.0
2017-03-23 00:00:00 UTC,957.833543496931,976.11,935.65
2017-03-24 00:00:00 UTC,913.088122385277,954.4,845.0
2017-03-25 00:00:00 UTC,852.585336928169,886.259,815.824
2017-03-26 00:00:00 UTC,885.679608601222,922.01,861.24
2017-03-27 00:00:00 UTC,915.702578058667,957.662,874.22
2017-03-28 00:00:00 UTC,955.542445020798,975.0,932.78
2017-03-29 00:00:00 UTC,951.276375080593,975.61,918.93
2017-03-30 00:00:00 UTC,961.624629845247,970.75,950.0
2017-03-31 00:00:00 UTC,986.700249417549,1013.25,965.33
2017-04-01 00:00:00 UTC,1013.40444214186,1033.5,995.26
2017-04-02 00:00:00 UTC,1021.23161935764,1040.0,1007.11
2017-04-03 00:00:00 UTC,1062.83739012414,1084.266,1027.682
2017-04-04 00:00:00 UTC,1070.83617498427,1089.34,1050.0
2017-04-05 00:00:00 UTC,1057.61162180535,1069.989,1040.96
2017-04-06 00:00:00 UTC,1093.63074106827,1141.73,1060.353
2017-04-07 00:00:00 UTC,1122.69096814749,1140.0,1106.638
2017-04-08 00:00:00 UTC,1118.91057168083,1129.98,1097.008
2017-04-09 00:00:00 UTC,1122.31055813133,1142.5,1105.78
2017-04-10 00:00:00 UTC,1137.23947892157,1145.0,1128.09
2017-04-11 00:00:00 UTC,1143.94550960819,1159.51,1126.46
2017-04-12 00:00:00 UTC,1145.8922859225,1155.0,1133.74
2017-04-13 00:00:00 UTC,1113.56619512042,1141.99,1080.2
2017-04-14 00:00:00 UTC,1109.55214428081,1121.0,1093.0
2017-04-15 00:00:00 UTC,1109.5622021327,1120.0,1092.1
2017-04-16 00:00:00 UTC,1106.92723337301,1114.1,1095.0
2017-04-17 00:00:00 UTC,1113.65516097284,1130.05,1104.795
2017-04-18 00:00:00 UTC,1124.64408217543,1133.74,1111.32
2017-04-19 00:00:00 UTC,1123.13437917086,1130.49,1115.179
2017-04-20 00:00:00 UTC,1139.07241860709,1158.0,1119.589
2017-04-21 00:00:00 UTC,1157.84462464212,1166.0,1148.548
2017-04-22 00:00:00 UTC,1149.89574357615,1158.99,1122.48
2017-04-23 00:00:00 UTC,1149.06258672766,1157.99,1139.411
2017-04-24 00:00:00 UTC,1148.77439966477,1159.0,1141.16
2017-04-25 00:00:00 UTC,1162.03978231678,1174.0,1152.75
2017-04-26 00:00:00 UTC,1178.57680759532,1199.803,1161.1
2017-04-27 00:00:00 UTC,1200.14628129031,1224.57,1175.511
2017-04-28 00:00:00 UTC,1207.78827982558,1223.99,1179.95
2017-04-29 00:00:00 UTC,1211.43659842094,1219.177,1200.76
2017-04-30 00:00:00 UTC,1207.42038543868,1224.498,1194.78
2017-05-01 00:00:00 UTC,1243.83639901014,1290.0,1215.001
2017-05-02 00:00:00 UTC,1299.45175428938,1339.0,1248.738
2017-05-03 00:00:00 UTC,1341.52335264799,1385.989,1221.93
2017-05-04 00:00:00 UTC,1401.751119402,1475.0,1296.414
2017-05-05 00:00:00 UTC,1404.99545682579,1446.75,1354.031
2017-05-06 00:00:00 UTC,1395.7240439689,1411.12,1370.839
2017-05-07 00:00:00 UTC,1401.64772969681,1419.799,1385.002
2017-05-08 00:00:00 UTC,1468.75722516724,1510.0,1413.433
2017-05-09 00:00:00 UTC,1564.51666411013,1615.0,1494.0
2017-05-10 00:00:00 UTC,1603.9007718202,1647.23,1543.66
2017-05-11 00:00:00 UTC,1681.86941226715,1731.293,1610.27
2017-05-12 00:00:00 UTC,1630.13839419177,1695.922,1505.64
2017-05-13 00:00:00 UTC,1573.89263271931,1642.815,1480.36
2017-05-14 00:00:00 UTC,1639.63560681321,1668.0,1608.469
2017-05-15 00:00:00 UTC,1600.7815971741,1647.352,1551.38
2017-05-16 00:00:00 UTC,1592.47516778752,1622.0,1563.572
2017-05-17 00:00:00 UTC,1653.06501027953,1685.0,1598.51
2017-05-18 00:00:00 UTC,1671.22857594906,1705.0,1638.87
2017-05-19 00:00:00 UTC,1727.9497927555,1754.888,1681.0
2017-05-20 00:00:00 UTC,1769.2148741256,1810.0,1741.328
2017-05-21 00:00:00 UTC,1811.74049920087,1849.999,1780.26
2017-05-22 00:00:00 UTC,1867.23523698241,1941.74,1757.4
2017-05-23 00:00:00 UTC,1933.65827853151,2110.677,1817.66
2017-05-24 00:00:00 UTC,2091.19784827576,2228.33,1981.841
2017-05-25 00:00:00 UTC,2229.21260241209,2406.2,1932.08
2017-05-26 00:00:00 UTC,2092.0744246352,2277.74,1834.32
2017-05-27 00:00:00 UTC,1840.51002079994,2041.03,1652.67
2017-05-28 00:00:00 UTC,1899.36705059872,2038.507,1787.164
2017-05-29 00:00:00 UTC,1980.1479254024,2094.994,1856.51
2017-05-30 00:00:00 UTC,2027.97557883139,2082.17,1893.92
2017-05-31 00:00:00 UTC,1996.81501296039,2080.001,1893.92
2017-06-01 00:00:00 UTC,2116.69224385017,2179.1,2047.968
2017-06-02 00:00:00 UTC,2156.30448865006,2221.64,2095.2
2017-06-03 00:00:00 UTC,2244.62514947668,2300.0,2177.76
2017-06-04 00:00:00 UTC,2252.80380318443,2285.0,2217.0
2017-06-05 00:00:00 UTC,2309.12544480933,2389.15,2245.0
2017-06-06 00:00:00 UTC,2510.69464434239,2602.9,2382.32
2017-06-07 00:00:00 UTC,2505.99113205823,2564.0,2370.46
2017-06-08 00:00:00 UTC,2465.10693084878,2510.0,2358.67
2017-06-09 00:00:00 UTC,2531.01095989892,2564.309,2500.112
2017-06-10 00:00:00 UTC,2550.76046582802,2617.231,2490.0
2017-06-11 00:00:00 UTC,2553.35825875299,2617.0,2500.636
2017-06-12 00:00:00 UTC,2461.93425575379,2618.003,2212.164
2017-06-13 00:00:00 UTC,2406.46998194353,2466.319,2307.555
2017-06-14 00:00:00 UTC,2364.89099160765,2475.11,2111.11
2017-06-15 00:00:00 UTC,2112.79603408412,2244.99,1925.671
2017-06-16 00:00:00 UTC,2200.66454878562,2535.071,2082.39
2017-06-17 00:00:00 UTC,2277.44582327076,2381.399,2156.15
2017-06-18 00:00:00 UTC,2285.47150463422,2369.245,2188.65
2017-06-19 00:00:00 UTC,2265.02540506326,2305.5,2202.0
2017-06-20 00:00:00 UTC,2362.77392796821,2485.0,2285.812
2017-06-21 00:00:00 UTC,2417.9865157789,2479.0,2327.0
2017-06-22 00:00:00 UTC,2385.75575012017,2430.319,2323.64
2017-06-23 00:00:00 UTC,2413.75532626988,2438.0,2382.32
2017-06-24 00:00:00 UTC,2365.42667798255,2425.589,2233.0
2017-06-25 00:00:00 UTC,2278.48022244984,2339.0,2145.42
2017-06-26 00:00:00 UTC,2157.75026107842,2258.869,1970.0
2017-06-27 00:00:00 UTC,2098.11389351505,2220.004,2000.72
2017-06-28 00:00:00 UTC,2219.63966751939,2277.0,2146.2
2017-06-29 00:00:00 UTC,2236.06351535015,2265.0,2187.13
2017-06-30 00:00:00 UTC,2201.32450143369,2237.989,2125.001
2017-07-01 00:00:00 UTC,2138.60299470353,2180.0,2075.0
2017-07-02 00:00:00 UTC,2133.35656692569,2218.878,2070.0
2017-07-03 00:00:00 UTC,2218.47717949256,2277.74,2167.37
2017-07-04 00:00:00 UTC,2290.94062136065,2323.639,2245.241
2017-07-05 00:00:00 UTC,2269.70116053375,2309.0,2226.185
2017-07-06 00:00:00 UTC,2283.7334066569,2301.28,2267.67
2017-07-07 00:00:00 UTC,2234.35315043281,2288.258,2177.093
2017-07-08 00:00:00 UTC,2214.16733674757,2246.83,2176.0
2017-07-09 00:00:00 UTC,2233.27915985619,2249.99,2201.25
2017-07-10 00:00:00 UTC,2148.57994783085,2211.06,2001.04
2017-07-11 00:00:00 UTC,2048.60141576537,2105.91,1973.82
2017-07-12 00:00:00 UTC,2054.59505144835,2117.0,1971.01
2017-07-13 00:00:00 UTC,2077.81419695184,2113.541,2030.934
2017-07-14 00:00:00 UTC,1996.8943260177,2061.5,1875.12
2017-07-15 00:00:00 UTC,1807.14344295134,1941.09,1720.0
2017-07-16 00:00:00 UTC,1686.55882020371,1781.0,1610.0
2017-07-17 00:00:00 UTC,1795.42863716652,1937.946,1669.334
2017-07-18 00:00:00 UTC,1979.13467233707,2092.58,1875.12
2017-07-19 00:00:00 UTC,2012.30629767266,2089.899,1932.08
2017-07-20 00:00:00 UTC,2157.03687627417,2490.0,1963.413
2017-07-21 00:00:00 UTC,2338.07886821834,2442.47,2251.274
2017-07-22 00:00:00 UTC,2385.18906231723,2466.96,2279.131
2017-07-23 00:00:00 UTC,2376.37993069556,2438.99,2300.61
2017-07-24 00:00:00 UTC,2374.84848610922,2409.999,2326.001
2017-07-25 00:00:00 UTC,2268.52325570314,2394.0,2126.11
2017-07-26 00:00:00 UTC,2170.41553903859,2243.92,2116.04
2017-07-27 00:00:00 UTC,2216.7284198727,2314.998,2167.0
2017-07-28 00:00:00 UTC,2356.96292456359,2413.7,2289.13
2017-07-29 00:00:00 UTC,2342.78546614254,2391.786,2300.58
2017-07-30 00:00:00 UTC,2342.51079833996,2382.32,2305.0
2017-07-31 00:00:00 UTC,2405.63141385038,2487.0,2350.0
2017-08-01 00:00:00 UTC,2383.39164638812,2499.997,2221.64
2017-08-02 00:00:00 UTC,2303.23043477211,2336.0,2248.822
2017-08-03 00:00:00 UTC,2328.19554988083,2384.65,2277.74
2017-08-04 00:00:00 UTC,2400.03356553851,2442.47,2351.2
2017-08-05 00:00:00 UTC,2662.80766714775,2794.56,2424.921
2017-08-06 00:00:00 UTC,2739.98152294668,2786.91,2671.99
2017-08-07 00:00:00 UTC,2808.56705940179,2889.709,2717.0
2017-08-08 00:00:00 UTC,2912.62704193552,2966.92,2857.0
2017-08-09 00:00:00 UTC,2873.13363020031,2937.18,2785.001
2017-08-10 00:00:00 UTC,2915.15790166346,2968.13,2850.87
2017-08-11 00:00:00 UTC,3005.82509884602,3153.682,2908.32
2017-08-12 00:00:00 UTC,3208.72550354269,3337.91,3060.005
2017-08-13 00:00:00 UTC,3423.68070814348,3582.902,3237.0
2017-08-14 00:00:00 UTC,3574.81987687745,3736.552,3400.0
2017-08-15 00:00:00 UTC,3560.79552692349,3752.265,3250.0
2017-08-16 00:00:00 UTC,3571.92329921494,3752.25395,3359.001
2017-08-17 00:00:00 UTC,3727.97060209177,3848.96,3603.224
2017-08-18 00:00:00 UTC,3610.18989311487,3721.0,3365.87
2017-08-19 00:00:00 UTC,3501.79747088276,3699.0,3366.9
2017-08-20 00:00:00 UTC,3506.72941662949,3569.991,3431.2
